-- JBoss, Home of Professional Open Source
-- Copyright 2013, Red Hat, Inc. and/or its affiliates, and individual
-- contributors by the @authors tag. See the copyright.txt in the
-- distribution for a full listing of individual contributors.
--
-- Licensed under the Apache License, Version 2.0 (the "License");
-- you may not use this file except in compliance with the License.
-- You may obtain a copy of the License at
-- http://www.apache.org/licenses/LICENSE-2.0
-- Unless required by applicable law or agreed to in writing, software
-- distributed under the License is distributed on an "AS IS" BASIS,
-- WITHOUT WARRANTIES OR CONDITIONS OF ANY KIND, either express or implied.
-- See the License for the specific language governing permissions and
-- limitations under the License.
--

-- You can use this file to load seed data into the database using SQL statements
insert into Registrant(id, name, email, phone_number) values (0, 'John Smith', 'john.smith@mailinator.com', '2125551212');

INSERT INTO Usuario(id_usuario ,usuario,clave,fec_registro,fec_cambio) VALUES (1,'Admin','1234',current_date,current_date);
INSERT INTO Usuario(id_usuario ,usuario,clave,fec_registro,fec_cambio) values (2,'Basico','1234',current_date,current_date);

INSERT INTO Menu(id_menu,nombre,descripcion,id_padre,fec_cambio) VALUES (1,'Usuarios','Gestion de Usuarios',NULL,NULL);
INSERT INTO Menu(id_menu,nombre,descripcion,id_padre,fec_cambio) values (2,'Gestionar Usuario','Gestion de Usuarios',1,NULL);
INSERT INTO Menu(id_menu,nombre,descripcion,id_padre,fec_cambio) values (3,'Cambiar Clave','Cambio de Clave Usuarios',1,NULL);
INSERT INTO Menu(id_menu,nombre,descripcion,id_padre,fec_cambio) values (4,'Gestionar Perfil','CRUD de Perfiles',1,NULL);
INSERT INTO Menu(id_menu,nombre,descripcion,id_padre,fec_cambio) values (5,'Parametrización','Ingreso de parametros',NULL,NULL);
INSERT INTO Menu(id_menu,nombre,descripcion,id_padre,fec_cambio) values (6,'Gestionar Opción','Gestion de Opciones',5,NULL);
INSERT INTO Menu(id_menu,nombre,descripcion,id_padre,fec_cambio) values (7,'Gestionar Menu','Gestion del Menu',5,NULL);
INSERT INTO Menu(id_menu,nombre,descripcion,id_padre,fec_cambio) values (8,'Capturar Imagen','Capturar Imagen',5,NULL);
INSERT INTO Menu(id_menu,nombre,descripcion,id_padre,fec_cambio) values (9,'Catalogo','Gestion de Catalogo',5,NULL);

INSERT INTO Opcion(id_opcion,url,id_menu,tipo,fec_cambio) VALUES (1,'/pgadmin/usuario/gestionarUsuario.jsf',2,1,NULL);
INSERT INTO Opcion(id_opcion,url,id_menu,tipo,fec_cambio) values (2,'/pgadmin/perfil/gestionarPerfil.jsf',4,1,NULL);
INSERT INTO Opcion(id_opcion,url,id_menu,tipo,fec_cambio) values (3,'/pgadmin/opcion/gestionarOpcion.jsf',6,1,NULL);
INSERT INTO Opcion(id_opcion,url,id_menu,tipo,fec_cambio) values (4,'/pgadmin/menu/gestionarMenu.jsf',7,1,NULL);
INSERT INTO Opcion(id_opcion,url,id_menu,tipo,fec_cambio) values (5,'/capture/gestionarImagen.jsf',8,1,NULL);
--INSERT INTO Opcion(id_opcion,url,id_menu,tipo,fec_cambio) values (6,'/pgadmin/catalogo/gestionarCatalogo.jsf',9,1,NULL);

INSERT INTO Perfil(id_perfil,nombre,descripcion,fec_cambio) VALUES (1,'Super Usuario','Administrador total del sistema',current_date);
INSERT INTO Perfil(id_perfil,nombre,descripcion,fec_cambio) values (2,'Usuaro Basico','Usuaro Basico',current_date);
INSERT INTO Perfil(id_perfil,nombre,descripcion,fec_cambio) values (3,'Usuario Experto','Usuario Experto',current_date);

INSERT INTO PERFIL_OPCION(id_perfil,id_opcion,nivel) VALUES (1,1,0);
INSERT INTO PERFIL_OPCION(id_perfil,id_opcion,nivel) VALUES (1,2,0);
INSERT INTO PERFIL_OPCION(id_perfil,id_opcion,nivel) VALUES (1,3,0);
INSERT INTO PERFIL_OPCION(id_perfil,id_opcion,nivel) VALUES (1,4,0);
INSERT INTO PERFIL_OPCION(id_perfil,id_opcion,nivel) VALUES (1,5,0);
--INSERT INTO PERFIL_OPCION(id_perfil,id_opcion,nivel) VALUES (1,5,0);
--INSERT INTO PERFIL_OPCION(id_perfil,id_opcion,nivel) VALUES (1,6,0);
--INSERT INTO PERFIL_OPCION(id_perfil,id_opcion,nivel) VALUES (1,7,0);
INSERT INTO PERFIL_OPCION(id_perfil,id_opcion,nivel) VALUES (2,1,0);


INSERT INTO perfil_usuario(id_usuario,id_perfil) VALUES (1,1);
INSERT INTO perfil_usuario(id_usuario,id_perfil) VALUES (2,2);
--INSERT INTO perfil_usuario(id_usuario,id_perfil) VALUES (3,3);

INSERT INTO paises(id_pais,iso_num,iso2, iso3,nombre) VALUES (1, 4, 'AF', 'AFG', 'AFGANISTÁN');
INSERT INTO paises(id_pais,iso_num,iso2, iso3,nombre) VALUES (2, 248, 'AX', 'ALA', 'ISLAS GLAND');
INSERT INTO paises(id_pais,iso_num,iso2, iso3,nombre) VALUES (3, 8, 'AL', 'ALB', 'ALBANIA');
INSERT INTO paises(id_pais,iso_num,iso2, iso3,nombre) VALUES (4, 276, 'DE', 'DEU', 'ALEMANIA');
INSERT INTO paises(id_pais,iso_num,iso2, iso3,nombre) VALUES (5, 20, 'AD', 'AND', 'ANDORRA');
INSERT INTO paises(id_pais,iso_num,iso2, iso3,nombre) VALUES (6, 24, 'AO', 'AGO', 'ANGOLA');
INSERT INTO paises(id_pais,iso_num,iso2, iso3,nombre) VALUES (7, 660, 'AI', 'AIA', 'ANGUILLA');
INSERT INTO paises(id_pais,iso_num,iso2, iso3,nombre) VALUES (8, 10, 'AQ', 'ATA', 'ANTÁRTIDA');
INSERT INTO paises(id_pais,iso_num,iso2, iso3,nombre) VALUES (9, 28, 'AG', 'ATG', 'ANTIGUA Y BARBUDA');
INSERT INTO paises(id_pais,iso_num,iso2, iso3,nombre) VALUES (10, 530, 'AN', 'ANT', 'ANTILLAS HOLANDESAS');
INSERT INTO paises(id_pais,iso_num,iso2, iso3,nombre) VALUES (11, 682, 'SA', 'SAU', 'ARABIA SAUDÍ');
INSERT INTO paises(id_pais,iso_num,iso2, iso3,nombre) VALUES (12, 12, 'DZ', 'DZA', 'ARGELIA');
INSERT INTO paises(id_pais,iso_num,iso2, iso3,nombre) VALUES (13, 32, 'AR', 'ARG', 'ARGENTINA');
INSERT INTO paises(id_pais,iso_num,iso2, iso3,nombre) VALUES (14, 51, 'AM', 'ARM', 'ARMENIA');
INSERT INTO paises(id_pais,iso_num,iso2, iso3,nombre) VALUES (15, 533, 'AW', 'ABW', 'ARUBA');
INSERT INTO paises(id_pais,iso_num,iso2, iso3,nombre) VALUES (16, 36, 'AU', 'AUS', 'AUSTRALIA');
INSERT INTO paises(id_pais,iso_num,iso2, iso3,nombre) VALUES (17, 40, 'AT', 'AUT', 'AUSTRIA');
INSERT INTO paises(id_pais,iso_num,iso2, iso3,nombre) VALUES (18, 31, 'AZ', 'AZE', 'AZERBAIYÁN');
INSERT INTO paises(id_pais,iso_num,iso2, iso3,nombre) VALUES (19, 44, 'BS', 'BHS', 'BAHAMAS');
INSERT INTO paises(id_pais,iso_num,iso2, iso3,nombre) VALUES (20, 48, 'BH', 'BHR', 'BAHRÉIN');
INSERT INTO paises(id_pais,iso_num,iso2, iso3,nombre) VALUES (21, 50, 'BD', 'BGD', 'BANGLADESH');
INSERT INTO paises(id_pais,iso_num,iso2, iso3,nombre) VALUES (22, 52, 'BB', 'BRB', 'BARBADOS');
INSERT INTO paises(id_pais,iso_num,iso2, iso3,nombre) VALUES (23, 112, 'BY', 'BLR', 'BIELORRUSIA');
INSERT INTO paises(id_pais,iso_num,iso2, iso3,nombre) VALUES (24, 56, 'BE', 'BEL', 'BÉLGICA');
INSERT INTO paises(id_pais,iso_num,iso2, iso3,nombre) VALUES (25, 84, 'BZ', 'BLZ', 'BELICE');
INSERT INTO paises(id_pais,iso_num,iso2, iso3,nombre) VALUES (26, 204, 'BJ', 'BEN', 'BENIN');
INSERT INTO paises(id_pais,iso_num,iso2, iso3,nombre) VALUES (27, 60, 'BM', 'BMU', 'BERMUDAS');
INSERT INTO paises(id_pais,iso_num,iso2, iso3,nombre) VALUES (28, 64, 'BT', 'BTN', 'BHUTÁN');
INSERT INTO paises(id_pais,iso_num,iso2, iso3,nombre) VALUES (29, 68, 'BO', 'BOL', 'BOLIVIA');
INSERT INTO paises(id_pais,iso_num,iso2, iso3,nombre) VALUES (30, 70, 'BA', 'BIH', 'BOSNIA Y HERZEGOVINA');
INSERT INTO paises(id_pais,iso_num,iso2, iso3,nombre) VALUES (31, 72, 'BW', 'BWA', 'BOTSUANA');
INSERT INTO paises(id_pais,iso_num,iso2, iso3,nombre) VALUES (32, 74, 'BV', 'BVT', 'ISLA BOUVET');
INSERT INTO paises(id_pais,iso_num,iso2, iso3,nombre) VALUES (33, 76, 'BR', 'BRA', 'BRASIL');
INSERT INTO paises(id_pais,iso_num,iso2, iso3,nombre) VALUES (34, 96, 'BN', 'BRN', 'BRUNÉI');
INSERT INTO paises(id_pais,iso_num,iso2, iso3,nombre) VALUES (35, 100, 'BG', 'BGR', 'BULGARIA');
INSERT INTO paises(id_pais,iso_num,iso2, iso3,nombre) VALUES (36, 854, 'BF', 'BFA', 'BURKINA FASO');
INSERT INTO paises(id_pais,iso_num,iso2, iso3,nombre) VALUES (37, 108, 'BI', 'BDI', 'BURUNDI');
INSERT INTO paises(id_pais,iso_num,iso2, iso3,nombre) VALUES (38, 132, 'CV', 'CPV', 'CABO VERDE');
INSERT INTO paises(id_pais,iso_num,iso2, iso3,nombre) VALUES (39, 136, 'KY', 'CYM', 'ISLAS CAIMÁN');
INSERT INTO paises(id_pais,iso_num,iso2, iso3,nombre) VALUES (40, 116, 'KH', 'KHM', 'CAMBOYA');
INSERT INTO paises(id_pais,iso_num,iso2, iso3,nombre) VALUES (41, 120, 'CM', 'CMR', 'CAMERÚN');
INSERT INTO paises(id_pais,iso_num,iso2, iso3,nombre) VALUES (42, 124, 'CA', 'CAN', 'CANADÁ');
INSERT INTO paises(id_pais,iso_num,iso2, iso3,nombre) VALUES (43, 140, 'CF', 'CAF', 'REPÚBLICA CENTROAFRICANA');
INSERT INTO paises(id_pais,iso_num,iso2, iso3,nombre) VALUES (44, 148, 'TD', 'TCD', 'CHAD');
INSERT INTO paises(id_pais,iso_num,iso2, iso3,nombre) VALUES (45, 203, 'CZ', 'CZE', 'REPÚBLICA CHECA');
INSERT INTO paises(id_pais,iso_num,iso2, iso3,nombre) VALUES (46, 152, 'CL', 'CHL', 'CHILE');
INSERT INTO paises(id_pais,iso_num,iso2, iso3,nombre) VALUES (47, 156, 'CN', 'CHN', 'CHINA');
INSERT INTO paises(id_pais,iso_num,iso2, iso3,nombre) VALUES (48, 196, 'CY', 'CYP', 'CHIPRE');
INSERT INTO paises(id_pais,iso_num,iso2, iso3,nombre) VALUES (49, 162, 'CX', 'CXR', 'ISLA DE NAVIDAD');
INSERT INTO paises(id_pais,iso_num,iso2, iso3,nombre) VALUES (50, 336, 'VA', 'VAT', 'CIUDAD DEL VATICANO');
INSERT INTO paises(id_pais,iso_num,iso2, iso3,nombre) VALUES (51, 166, 'CC', 'CCK', 'ISLAS COCOS');
INSERT INTO paises(id_pais,iso_num,iso2, iso3,nombre) VALUES (52, 170, 'CO', 'COL', 'COLOMBIA');
INSERT INTO paises(id_pais,iso_num,iso2, iso3,nombre) VALUES (53, 174, 'KM', 'COM', 'COMORAS');
INSERT INTO paises(id_pais,iso_num,iso2, iso3,nombre) VALUES (54, 180, 'CD', 'COD', 'REPÚBLICA DEMOCRÁTICA DEL CONGO');
INSERT INTO paises(id_pais,iso_num,iso2, iso3,nombre) VALUES (55, 178, 'CG', 'COG', 'CONGO');
INSERT INTO paises(id_pais,iso_num,iso2, iso3,nombre) VALUES (56, 184, 'CK', 'COK', 'ISLAS COOK');
INSERT INTO paises(id_pais,iso_num,iso2, iso3,nombre) VALUES (57, 408, 'KP', 'PRK', 'COREA DEL NORTE');
INSERT INTO paises(id_pais,iso_num,iso2, iso3,nombre) VALUES (58, 410, 'KR', 'KOR', 'COREA DEL SUR');
INSERT INTO paises(id_pais,iso_num,iso2, iso3,nombre) VALUES (59, 384, 'CI', 'CIV', 'COSTA DE MARFIL');
INSERT INTO paises(id_pais,iso_num,iso2, iso3,nombre) VALUES (60, 188, 'CR', 'CRI', 'COSTA RICA');
INSERT INTO paises(id_pais,iso_num,iso2, iso3,nombre) VALUES (61, 191, 'HR', 'HRV', 'CROACIA');
INSERT INTO paises(id_pais,iso_num,iso2, iso3,nombre) VALUES (62, 192, 'CU', 'CUB', 'CUBA');
INSERT INTO paises(id_pais,iso_num,iso2, iso3,nombre) VALUES (63, 208, 'DK', 'DNK', 'DINAMARCA');
INSERT INTO paises(id_pais,iso_num,iso2, iso3,nombre) VALUES (64, 212, 'DM', 'DMA', 'DOMINICA');
INSERT INTO paises(id_pais,iso_num,iso2, iso3,nombre) VALUES (65, 214, 'DO', 'DOM', 'REPÚBLICA DOMINICANA');
INSERT INTO paises(id_pais,iso_num,iso2, iso3,nombre) VALUES (66, 218, 'EC', 'ECU', 'ECUADOR');
INSERT INTO paises(id_pais,iso_num,iso2, iso3,nombre) VALUES (67, 818, 'EG', 'EGY', 'EGIPTO');
INSERT INTO paises(id_pais,iso_num,iso2, iso3,nombre) VALUES (68, 222, 'SV', 'SLV', 'EL SALVADOR');
INSERT INTO paises(id_pais,iso_num,iso2, iso3,nombre) VALUES (69, 784, 'AE', 'ARE', 'EMIRATOS ÁRABES UNIDOS');
INSERT INTO paises(id_pais,iso_num,iso2, iso3,nombre) VALUES (70, 232, 'ER', 'ERI', 'ERITREA');
INSERT INTO paises(id_pais,iso_num,iso2, iso3,nombre) VALUES (71, 703, 'SK', 'SVK', 'ESLOVAQUIA');
INSERT INTO paises(id_pais,iso_num,iso2, iso3,nombre) VALUES (72, 705, 'SI', 'SVN', 'ESLOVENIA');
INSERT INTO paises(id_pais,iso_num,iso2, iso3,nombre) VALUES (73, 724, 'ES', 'ESP', 'ESPAÑA');
INSERT INTO paises(id_pais,iso_num,iso2, iso3,nombre) VALUES (74, 581, 'UM', 'UMI', 'ISLAS ULTRAMARINAS DE ESTADOS UNIDOS');
INSERT INTO paises(id_pais,iso_num,iso2, iso3,nombre) VALUES (75, 840, 'US', 'USA', 'ESTADOS UNIDOS');
INSERT INTO paises(id_pais,iso_num,iso2, iso3,nombre) VALUES (76, 233, 'EE', 'EST', 'ESTONIA');
INSERT INTO paises(id_pais,iso_num,iso2, iso3,nombre) VALUES (77, 231, 'ET', 'ETH', 'ETIOPÍA');
INSERT INTO paises(id_pais,iso_num,iso2, iso3,nombre) VALUES (78, 234, 'FO', 'FRO', 'ISLAS FEROE');
INSERT INTO paises(id_pais,iso_num,iso2, iso3,nombre) VALUES (79, 608, 'PH', 'PHL', 'FILIPINAS');
INSERT INTO paises(id_pais,iso_num,iso2, iso3,nombre) VALUES (80, 246, 'FI', 'FIN', 'FINLANDIA');
INSERT INTO paises(id_pais,iso_num,iso2, iso3,nombre) VALUES (81, 242, 'FJ', 'FJI', 'FIYI');
INSERT INTO paises(id_pais,iso_num,iso2, iso3,nombre) VALUES (82, 250, 'FR', 'FRA', 'FRANCIA');
INSERT INTO paises(id_pais,iso_num,iso2, iso3,nombre) VALUES (83, 266, 'GA', 'GAB', 'GABÓN');
INSERT INTO paises(id_pais,iso_num,iso2, iso3,nombre) VALUES (84, 270, 'GM', 'GMB', 'GAMBIA');
INSERT INTO paises(id_pais,iso_num,iso2, iso3,nombre) VALUES (85, 268, 'GE', 'GEO', 'GEORGIA');
INSERT INTO paises(id_pais,iso_num,iso2, iso3,nombre) VALUES (86, 239, 'GS', 'SGS', 'ISLAS GEORGIAS DEL SUR Y SANDWICH DEL SUR');
INSERT INTO paises(id_pais,iso_num,iso2, iso3,nombre) VALUES (87, 288, 'GH', 'GHA', 'GHANA');
INSERT INTO paises(id_pais,iso_num,iso2, iso3,nombre) VALUES (88, 292, 'GI', 'GIB', 'GIBRALTAR');
INSERT INTO paises(id_pais,iso_num,iso2, iso3,nombre) VALUES (89, 308, 'GD', 'GRD', 'GRANADA');
INSERT INTO paises(id_pais,iso_num,iso2, iso3,nombre) VALUES (90, 300, 'GR', 'GRC', 'GRECIA');
INSERT INTO paises(id_pais,iso_num,iso2, iso3,nombre) VALUES (91, 304, 'GL', 'GRL', 'GROENLANDIA');
INSERT INTO paises(id_pais,iso_num,iso2, iso3,nombre) VALUES (92, 312, 'GP', 'GLP', 'GUADALUPE');
INSERT INTO paises(id_pais,iso_num,iso2, iso3,nombre) VALUES (93, 316, 'GU', 'GUM', 'GUAM');
INSERT INTO paises(id_pais,iso_num,iso2, iso3,nombre) VALUES (94, 320, 'GT', 'GTM', 'GUATEMALA');
INSERT INTO paises(id_pais,iso_num,iso2, iso3,nombre) VALUES (95, 254, 'GF', 'GUF', 'GUAYANA FRANCESA');
INSERT INTO paises(id_pais,iso_num,iso2, iso3,nombre) VALUES (96, 324, 'GN', 'GIN', 'GUINEA');
INSERT INTO paises(id_pais,iso_num,iso2, iso3,nombre) VALUES (97, 226, 'GQ', 'GNQ', 'GUINEA ECUATORIAL');
INSERT INTO paises(id_pais,iso_num,iso2, iso3,nombre) VALUES (98, 624, 'GW', 'GNB', 'GUINEA-BISSAU');
INSERT INTO paises(id_pais,iso_num,iso2, iso3,nombre) VALUES (99, 328, 'GY', 'GUY', 'GUYANA');
INSERT INTO paises(id_pais,iso_num,iso2, iso3,nombre) VALUES (100, 332, 'HT', 'HTI', 'HAITÍ');
INSERT INTO paises(id_pais,iso_num,iso2, iso3,nombre) VALUES (101, 334, 'HM', 'HMD', 'ISLAS HEARD Y MCDONALD');
INSERT INTO paises(id_pais,iso_num,iso2, iso3,nombre) VALUES (102, 340, 'HN', 'HND', 'HONDURAS');
INSERT INTO paises(id_pais,iso_num,iso2, iso3,nombre) VALUES (103, 344, 'HK', 'HKG', 'HONG KONG');
INSERT INTO paises(id_pais,iso_num,iso2, iso3,nombre) VALUES (104, 348, 'HU', 'HUN', 'HUNGRÍA');
INSERT INTO paises(id_pais,iso_num,iso2, iso3,nombre) VALUES (105, 356, 'IN', 'IND', 'INDIA');
INSERT INTO paises(id_pais,iso_num,iso2, iso3,nombre) VALUES (106, 360, 'ID', 'IDN', 'INDONESIA');
INSERT INTO paises(id_pais,iso_num,iso2, iso3,nombre) VALUES (107, 364, 'IR', 'IRN', 'IRÁN');
INSERT INTO paises(id_pais,iso_num,iso2, iso3,nombre) VALUES (108, 368, 'IQ', 'IRQ', 'IRAQ');
INSERT INTO paises(id_pais,iso_num,iso2, iso3,nombre) VALUES (109, 372, 'IE', 'IRL', 'IRLANDA');
INSERT INTO paises(id_pais,iso_num,iso2, iso3,nombre) VALUES (110, 352, 'IS', 'ISL', 'ISLANDIA');
INSERT INTO paises(id_pais,iso_num,iso2, iso3,nombre) VALUES (111, 376, 'IL', 'ISR', 'ISRAEL');
INSERT INTO paises(id_pais,iso_num,iso2, iso3,nombre) VALUES (112, 380, 'IT', 'ITA', 'ITALIA');
INSERT INTO paises(id_pais,iso_num,iso2, iso3,nombre) VALUES (113, 388, 'JM', 'JAM', 'JAMAICA');
INSERT INTO paises(id_pais,iso_num,iso2, iso3,nombre) VALUES (114, 392, 'JP', 'JPN', 'JAPÓN');
INSERT INTO paises(id_pais,iso_num,iso2, iso3,nombre) VALUES (115, 400, 'JO', 'JOR', 'JORDANIA');
INSERT INTO paises(id_pais,iso_num,iso2, iso3,nombre) VALUES (116, 398, 'KZ', 'KAZ', 'KAZAJSTÁN');
INSERT INTO paises(id_pais,iso_num,iso2, iso3,nombre) VALUES (117, 404, 'KE', 'KEN', 'KENIA');
INSERT INTO paises(id_pais,iso_num,iso2, iso3,nombre) VALUES (118, 417, 'KG', 'KGZ', 'KIRGUISTÁN');
INSERT INTO paises(id_pais,iso_num,iso2, iso3,nombre) VALUES (119, 296, 'KI', 'KIR', 'KIRIBATI');
INSERT INTO paises(id_pais,iso_num,iso2, iso3,nombre) VALUES (120, 414, 'KW', 'KWT', 'KUWAIT');
INSERT INTO paises(id_pais,iso_num,iso2, iso3,nombre) VALUES (121, 418, 'LA', 'LAO', 'LAOS');
INSERT INTO paises(id_pais,iso_num,iso2, iso3,nombre) VALUES (122, 426, 'LS', 'LSO', 'LESOTHO');
INSERT INTO paises(id_pais,iso_num,iso2, iso3,nombre) VALUES (123, 428, 'LV', 'LVA', 'LETONIA');
INSERT INTO paises(id_pais,iso_num,iso2, iso3,nombre) VALUES (124, 422, 'LB', 'LBN', 'LÍBANO');
INSERT INTO paises(id_pais,iso_num,iso2, iso3,nombre) VALUES (125, 430, 'LR', 'LBR', 'LIBERIA');
INSERT INTO paises(id_pais,iso_num,iso2, iso3,nombre) VALUES (126, 434, 'LY', 'LBY', 'LIBIA');
INSERT INTO paises(id_pais,iso_num,iso2, iso3,nombre) VALUES (127, 438, 'LI', 'LIE', 'LIECHTENSTEIN');
INSERT INTO paises(id_pais,iso_num,iso2, iso3,nombre) VALUES (128, 440, 'LT', 'LTU', 'LITUANIA');
INSERT INTO paises(id_pais,iso_num,iso2, iso3,nombre) VALUES (129, 442, 'LU', 'LUX', 'LUXEMBURGO');
INSERT INTO paises(id_pais,iso_num,iso2, iso3,nombre) VALUES (130, 446, 'MO', 'MAC', 'MACAO');
INSERT INTO paises(id_pais,iso_num,iso2, iso3,nombre) VALUES (131, 807, 'MK', 'MKD', 'ARY MACEDONIA');
INSERT INTO paises(id_pais,iso_num,iso2, iso3,nombre) VALUES (132, 450, 'MG', 'MDG', 'MADAGASCAR');
INSERT INTO paises(id_pais,iso_num,iso2, iso3,nombre) VALUES (133, 458, 'MY', 'MYS', 'MALASIA');
INSERT INTO paises(id_pais,iso_num,iso2, iso3,nombre) VALUES (134, 454, 'MW', 'MWI', 'MALAWI');
INSERT INTO paises(id_pais,iso_num,iso2, iso3,nombre) VALUES (135, 462, 'MV', 'MDV', 'MALDIVAS');
INSERT INTO paises(id_pais,iso_num,iso2, iso3,nombre) VALUES (136, 466, 'ML', 'MLI', 'MALÍ');
INSERT INTO paises(id_pais,iso_num,iso2, iso3,nombre) VALUES (137, 470, 'MT', 'MLT', 'MALTA');
INSERT INTO paises(id_pais,iso_num,iso2, iso3,nombre) VALUES (138, 238, 'FK', 'FLK', 'ISLAS MALVINAS');
INSERT INTO paises(id_pais,iso_num,iso2, iso3,nombre) VALUES (139, 580, 'MP', 'MNP', 'ISLAS MARIANAS DEL NORTE');
INSERT INTO paises(id_pais,iso_num,iso2, iso3,nombre) VALUES (140, 504, 'MA', 'MAR', 'MARRUECOS');
INSERT INTO paises(id_pais,iso_num,iso2, iso3,nombre) VALUES (141, 584, 'MH', 'MHL', 'ISLAS MARSHALL');
INSERT INTO paises(id_pais,iso_num,iso2, iso3,nombre) VALUES (142, 474, 'MQ', 'MTQ', 'MARTINICA');
INSERT INTO paises(id_pais,iso_num,iso2, iso3,nombre) VALUES (143, 480, 'MU', 'MUS', 'MAURICIO');
INSERT INTO paises(id_pais,iso_num,iso2, iso3,nombre) VALUES (144, 478, 'MR', 'MRT', 'MAURITANIA');
INSERT INTO paises(id_pais,iso_num,iso2, iso3,nombre) VALUES (145, 175, 'YT', 'MYT', 'MAYOTTE');
INSERT INTO paises(id_pais,iso_num,iso2, iso3,nombre) VALUES (146, 484, 'MX', 'MEX', 'MÉXICO');
INSERT INTO paises(id_pais,iso_num,iso2, iso3,nombre) VALUES (147, 583, 'FM', 'FSM', 'MICRONESIA');
INSERT INTO paises(id_pais,iso_num,iso2, iso3,nombre) VALUES (148, 498, 'MD', 'MDA', 'MOLDAVIA');
INSERT INTO paises(id_pais,iso_num,iso2, iso3,nombre) VALUES (149, 492, 'MC', 'MCO', 'MÓNACO');
INSERT INTO paises(id_pais,iso_num,iso2, iso3,nombre) VALUES (150, 496, 'MN', 'MNG', 'MONGOLIA');
INSERT INTO paises(id_pais,iso_num,iso2, iso3,nombre) VALUES (151, 500, 'MS', 'MSR', 'MONTSERRAT');
INSERT INTO paises(id_pais,iso_num,iso2, iso3,nombre) VALUES (152, 508, 'MZ', 'MOZ', 'MOZAMBIQUE');
INSERT INTO paises(id_pais,iso_num,iso2, iso3,nombre) VALUES (153, 104, 'MM', 'MMR', 'MYANMAR');
INSERT INTO paises(id_pais,iso_num,iso2, iso3,nombre) VALUES (154, 516, 'NA', 'NAM', 'NAMIBIA');
INSERT INTO paises(id_pais,iso_num,iso2, iso3,nombre) VALUES (155, 520, 'NR', 'NRU', 'NAURU');
INSERT INTO paises(id_pais,iso_num,iso2, iso3,nombre) VALUES (156, 524, 'NP', 'NPL', 'NEPAL');
INSERT INTO paises(id_pais,iso_num,iso2, iso3,nombre) VALUES (157, 558, 'NI', 'NIC', 'NICARAGUA');
INSERT INTO paises(id_pais,iso_num,iso2, iso3,nombre) VALUES (158, 562, 'NE', 'NER', 'NÍGER');
INSERT INTO paises(id_pais,iso_num,iso2, iso3,nombre) VALUES (159, 566, 'NG', 'NGA', 'NIGERIA');
INSERT INTO paises(id_pais,iso_num,iso2, iso3,nombre) VALUES (160, 570, 'NU', 'NIU', 'NIUE');
INSERT INTO paises(id_pais,iso_num,iso2, iso3,nombre) VALUES (161, 574, 'NF', 'NFK', 'ISLA NORFOLK');
INSERT INTO paises(id_pais,iso_num,iso2, iso3,nombre) VALUES (162, 578, 'NO', 'NOR', 'NORUEGA');
INSERT INTO paises(id_pais,iso_num,iso2, iso3,nombre) VALUES (163, 540, 'NC', 'NCL', 'NUEVA CALEDONIA');
INSERT INTO paises(id_pais,iso_num,iso2, iso3,nombre) VALUES (164, 554, 'NZ', 'NZL', 'NUEVA ZELANDA');
INSERT INTO paises(id_pais,iso_num,iso2, iso3,nombre) VALUES (165, 512, 'OM', 'OMN', 'OMÁN');
INSERT INTO paises(id_pais,iso_num,iso2, iso3,nombre) VALUES (166, 528, 'NL', 'NLD', 'PAÍSES BAJOS');
INSERT INTO paises(id_pais,iso_num,iso2, iso3,nombre) VALUES (167, 586, 'PK', 'PAK', 'PAKISTÁN');
INSERT INTO paises(id_pais,iso_num,iso2, iso3,nombre) VALUES (168, 585, 'PW', 'PLW', 'PALAU');
INSERT INTO paises(id_pais,iso_num,iso2, iso3,nombre) VALUES (169, 275, 'PS', 'PSE', 'PALESTINA');
INSERT INTO paises(id_pais,iso_num,iso2, iso3,nombre) VALUES (170, 591, 'PA', 'PAN', 'PANAMÁ');
INSERT INTO paises(id_pais,iso_num,iso2, iso3,nombre) VALUES (171, 598, 'PG', 'PNG', 'PAPÚA NUEVA GUINEA');
INSERT INTO paises(id_pais,iso_num,iso2, iso3,nombre) VALUES (172, 600, 'PY', 'PRY', 'PARAGUAY');
INSERT INTO paises(id_pais,iso_num,iso2, iso3,nombre) VALUES (173, 604, 'PE', 'PER', 'PERÚ');
INSERT INTO paises(id_pais,iso_num,iso2, iso3,nombre) VALUES (174, 612, 'PN', 'PCN', 'ISLAS PITCAIRN');
INSERT INTO paises(id_pais,iso_num,iso2, iso3,nombre) VALUES (175, 258, 'PF', 'PYF', 'POLINESIA FRANCESA');
INSERT INTO paises(id_pais,iso_num,iso2, iso3,nombre) VALUES (176, 616, 'PL', 'POL', 'POLONIA');
INSERT INTO paises(id_pais,iso_num,iso2, iso3,nombre) VALUES (177, 620, 'PT', 'PRT', 'PORTUGAL');
INSERT INTO paises(id_pais,iso_num,iso2, iso3,nombre) VALUES (178, 630, 'PR', 'PRI', 'PUERTO RICO');
INSERT INTO paises(id_pais,iso_num,iso2, iso3,nombre) VALUES (179, 634, 'QA', 'QAT', 'QATAR');
INSERT INTO paises(id_pais,iso_num,iso2, iso3,nombre) VALUES (180, 826, 'GB', 'GBR', 'REINO UNIDO');
INSERT INTO paises(id_pais,iso_num,iso2, iso3,nombre) VALUES (181, 638, 'RE', 'REU', 'REUNIÓN');
INSERT INTO paises(id_pais,iso_num,iso2, iso3,nombre) VALUES (182, 646, 'RW', 'RWA', 'RUANDA');
INSERT INTO paises(id_pais,iso_num,iso2, iso3,nombre) VALUES (183, 642, 'RO', 'ROU', 'RUMANIA');
INSERT INTO paises(id_pais,iso_num,iso2, iso3,nombre) VALUES (184, 643, 'RU', 'RUS', 'RUSIA');
INSERT INTO paises(id_pais,iso_num,iso2, iso3,nombre) VALUES (185, 732, 'EH', 'ESH', 'SAHARA OCCIDENTAL');
INSERT INTO paises(id_pais,iso_num,iso2, iso3,nombre) VALUES (186, 90, 'SB', 'SLB', 'ISLAS SALOMÓN');
INSERT INTO paises(id_pais,iso_num,iso2, iso3,nombre) VALUES (187, 882, 'WS', 'WSM', 'SAMOA');
INSERT INTO paises(id_pais,iso_num,iso2, iso3,nombre) VALUES (188, 16, 'AS', 'ASM', 'SAMOA AMERICANA');
INSERT INTO paises(id_pais,iso_num,iso2, iso3,nombre) VALUES (189, 659, 'KN', 'KNA', 'SAN CRISTÓBAL Y NEVIS');
INSERT INTO paises(id_pais,iso_num,iso2, iso3,nombre) VALUES (190, 674, 'SM', 'SMR', 'SAN MARINO');
INSERT INTO paises(id_pais,iso_num,iso2, iso3,nombre) VALUES (191, 666, 'PM', 'SPM', 'SAN PEDRO Y MIQUELÓN');
INSERT INTO paises(id_pais,iso_num,iso2, iso3,nombre) VALUES (192, 670, 'VC', 'VCT', 'SAN VICENTE Y LAS GRANADINAS');
INSERT INTO paises(id_pais,iso_num,iso2, iso3,nombre) VALUES (193, 654, 'SH', 'SHN', 'SANTA HELENA');
INSERT INTO paises(id_pais,iso_num,iso2, iso3,nombre) VALUES (194, 662, 'LC', 'LCA', 'SANTA LUCÍA');
INSERT INTO paises(id_pais,iso_num,iso2, iso3,nombre) VALUES (195, 678, 'ST', 'STP', 'SANTO TOMÉ Y PRÍNCIPE');
INSERT INTO paises(id_pais,iso_num,iso2, iso3,nombre) VALUES (196, 686, 'SN', 'SEN', 'SENEGAL');
INSERT INTO paises(id_pais,iso_num,iso2, iso3,nombre) VALUES (197, 891, 'CS', 'SCG', 'SERBIA Y MONTENEGRO');
INSERT INTO paises(id_pais,iso_num,iso2, iso3,nombre) VALUES (198, 690, 'SC', 'SYC', 'SEYCHELLES');
INSERT INTO paises(id_pais,iso_num,iso2, iso3,nombre) VALUES (199, 694, 'SL', 'SLE', 'SIERRA LEONA');
INSERT INTO paises(id_pais,iso_num,iso2, iso3,nombre) VALUES (200, 702, 'SG', 'SGP', 'SINGAPUR');
INSERT INTO paises(id_pais,iso_num,iso2, iso3,nombre) VALUES (201, 760, 'SY', 'SYR', 'SIRIA');
INSERT INTO paises(id_pais,iso_num,iso2, iso3,nombre) VALUES (202, 706, 'SO', 'SOM', 'SOMALIA');
INSERT INTO paises(id_pais,iso_num,iso2, iso3,nombre) VALUES (203, 144, 'LK', 'LKA', 'SRI LANKA');
INSERT INTO paises(id_pais,iso_num,iso2, iso3,nombre) VALUES (204, 748, 'SZ', 'SWZ', 'SUAZILANDIA');
INSERT INTO paises(id_pais,iso_num,iso2, iso3,nombre) VALUES (205, 710, 'ZA', 'ZAF', 'SUDÁFRICA');
INSERT INTO paises(id_pais,iso_num,iso2, iso3,nombre) VALUES (206, 736, 'SD', 'SDN', 'SUDÁN');
INSERT INTO paises(id_pais,iso_num,iso2, iso3,nombre) VALUES (207, 752, 'SE', 'SWE', 'SUECIA');
INSERT INTO paises(id_pais,iso_num,iso2, iso3,nombre) VALUES (208, 756, 'CH', 'CHE', 'SUIZA');
INSERT INTO paises(id_pais,iso_num,iso2, iso3,nombre) VALUES (209, 740, 'SR', 'SUR', 'SURINAM');
INSERT INTO paises(id_pais,iso_num,iso2, iso3,nombre) VALUES (210, 744, 'SJ', 'SJM', 'SVALBARD Y JAN MAYEN');
INSERT INTO paises(id_pais,iso_num,iso2, iso3,nombre) VALUES (211, 764, 'TH', 'THA', 'TAILANDIA');
INSERT INTO paises(id_pais,iso_num,iso2, iso3,nombre) VALUES (212, 158, 'TW', 'TWN', 'TAIWÁN');
INSERT INTO paises(id_pais,iso_num,iso2, iso3,nombre) VALUES (213, 834, 'TZ', 'TZA', 'TANZANIA');
INSERT INTO paises(id_pais,iso_num,iso2, iso3,nombre) VALUES (214, 762, 'TJ', 'TJK', 'TAYIKISTÁN');
INSERT INTO paises(id_pais,iso_num,iso2, iso3,nombre) VALUES (215, 86, 'IO', 'IOT', 'TERRITORIO BRITÁNICO DEL OCÉANO ÍNDICO');
INSERT INTO paises(id_pais,iso_num,iso2, iso3,nombre) VALUES (216, 260, 'TF', 'ATF', 'TERRITORIOS AUSTRALES FRANCESES');
INSERT INTO paises(id_pais,iso_num,iso2, iso3,nombre) VALUES (217, 626, 'TL', 'TLS', 'TIMOR ORIENTAL');
INSERT INTO paises(id_pais,iso_num,iso2, iso3,nombre) VALUES (218, 768, 'TG', 'TGO', 'TOGO');
INSERT INTO paises(id_pais,iso_num,iso2, iso3,nombre) VALUES (219, 772, 'TK', 'TKL', 'TOKELAU');
INSERT INTO paises(id_pais,iso_num,iso2, iso3,nombre) VALUES (220, 776, 'TO', 'TON', 'TONGA');
INSERT INTO paises(id_pais,iso_num,iso2, iso3,nombre) VALUES (221, 780, 'TT', 'TTO', 'TRINIDAD Y TOBAGO');
INSERT INTO paises(id_pais,iso_num,iso2, iso3,nombre) VALUES (222, 788, 'TN', 'TUN', 'TÚNEZ');
INSERT INTO paises(id_pais,iso_num,iso2, iso3,nombre) VALUES (223, 796, 'TC', 'TCA', 'ISLAS TURCAS Y CAICOS');
INSERT INTO paises(id_pais,iso_num,iso2, iso3,nombre) VALUES (224, 795, 'TM', 'TKM', 'TURKMENISTÁN');
INSERT INTO paises(id_pais,iso_num,iso2, iso3,nombre) VALUES (225, 792, 'TR', 'TUR', 'TURQUÍA');
INSERT INTO paises(id_pais,iso_num,iso2, iso3,nombre) VALUES (226, 798, 'TV', 'TUV', 'TUVALU');
INSERT INTO paises(id_pais,iso_num,iso2, iso3,nombre) VALUES (227, 804, 'UA', 'UKR', 'UCRANIA');
INSERT INTO paises(id_pais,iso_num,iso2, iso3,nombre) VALUES (228, 800, 'UG', 'UGA', 'UGANDA');
INSERT INTO paises(id_pais,iso_num,iso2, iso3,nombre) VALUES (229, 858, 'UY', 'URY', 'URUGUAY');
INSERT INTO paises(id_pais,iso_num,iso2, iso3,nombre) VALUES (230, 860, 'UZ', 'UZB', 'UZBEKISTÁN');
INSERT INTO paises(id_pais,iso_num,iso2, iso3,nombre) VALUES (231, 548, 'VU', 'VUT', 'VANUATU');
INSERT INTO paises(id_pais,iso_num,iso2, iso3,nombre) VALUES (232, 862, 'VE', 'VEN', 'VENEZUELA');
INSERT INTO paises(id_pais,iso_num,iso2, iso3,nombre) VALUES (233, 704, 'VN', 'VNM', 'VIETNAM');
INSERT INTO paises(id_pais,iso_num,iso2, iso3,nombre) VALUES (234, 92, 'VG', 'VGB', 'ISLAS VÍRGENES BRITÁNICAS');
INSERT INTO paises(id_pais,iso_num,iso2, iso3,nombre) VALUES (235, 850, 'VI', 'VIR', 'ISLAS VÍRGENES DE LOS ESTADOS UNIDOS');
INSERT INTO paises(id_pais,iso_num,iso2, iso3,nombre) VALUES (236, 876, 'WF', 'WLF', 'WALLIS Y FUTUNA');
INSERT INTO paises(id_pais,iso_num,iso2, iso3,nombre) VALUES (237, 887, 'YE', 'YEM', 'YEMEN');
INSERT INTO paises(id_pais,iso_num,iso2, iso3,nombre) VALUES (238, 262, 'DJ', 'DJI', 'YIBUTI');
INSERT INTO paises(id_pais,iso_num,iso2, iso3,nombre) VALUES (239, 894, 'ZM', 'ZMB', 'ZAMBIA');
INSERT INTO paises(id_pais,iso_num,iso2, iso3,nombre) VALUES (240, 716, 'ZW', 'ZWE', 'ZIMBABUE');

INSERT INTO departamentos(id_departamento, nombre, id_pais) values ( 5,'ANTIOQUIA',52);
INSERT INTO departamentos(id_departamento, nombre, id_pais) values ( 8,'ATLANTICO',52);
INSERT INTO departamentos(id_departamento, nombre, id_pais) values ( 11,'BOGOTAD.C',52);
INSERT INTO departamentos(id_departamento, nombre, id_pais) values ( 13,'BOLIVAR',52);
INSERT INTO departamentos(id_departamento, nombre, id_pais) values ( 15,'BOYACA',52);
INSERT INTO departamentos(id_departamento, nombre, id_pais) values ( 17,'CALDAS',52);
INSERT INTO departamentos(id_departamento, nombre, id_pais) values ( 18,'CAQUETA',52);
INSERT INTO departamentos(id_departamento, nombre, id_pais) values ( 19,'CAUCA',52);
INSERT INTO departamentos(id_departamento, nombre, id_pais) values ( 20,'CESAR',52);
INSERT INTO departamentos(id_departamento, nombre, id_pais) values ( 23,'CORDOBA',52);
INSERT INTO departamentos(id_departamento, nombre, id_pais) values ( 25,'CUNDINAMARCA',52);
INSERT INTO departamentos(id_departamento, nombre, id_pais) values ( 27,'CHOCO',52);
INSERT INTO departamentos(id_departamento, nombre, id_pais) values ( 41,'HUILA',52);
INSERT INTO departamentos(id_departamento, nombre, id_pais) values ( 44,'GUAJIRA',52);
INSERT INTO departamentos(id_departamento, nombre, id_pais) values ( 47,'MAGDALENA',52);
INSERT INTO departamentos(id_departamento, nombre, id_pais) values ( 50,'META',52);
INSERT INTO departamentos(id_departamento, nombre, id_pais) values ( 52,'NARINIO',52);
INSERT INTO departamentos(id_departamento, nombre, id_pais) values ( 54,'NORTEDESANTANDER',52);
INSERT INTO departamentos(id_departamento, nombre, id_pais) values ( 63,'QUINDIO',52);
INSERT INTO departamentos(id_departamento, nombre, id_pais) values ( 66,'RISARALDA',52);
INSERT INTO departamentos(id_departamento, nombre, id_pais) values ( 68,'SANTANDER',52);
INSERT INTO departamentos(id_departamento, nombre, id_pais) values ( 70,'SUCRE',52);
INSERT INTO departamentos(id_departamento, nombre, id_pais) values ( 73,'TOLIMA',52);
INSERT INTO departamentos(id_departamento, nombre, id_pais) values ( 76,'VALLEDELCAUCA',52);
INSERT INTO departamentos(id_departamento, nombre, id_pais) values ( 81,'ARAUCA',52);
INSERT INTO departamentos(id_departamento, nombre, id_pais) values ( 85,'CASANARE',52);
INSERT INTO departamentos(id_departamento, nombre, id_pais) values ( 86,'PUTUMAYO',52);
INSERT INTO departamentos(id_departamento, nombre, id_pais) values ( 88,'SANANDRESYPROVIDENCIA',52);
INSERT INTO departamentos(id_departamento, nombre, id_pais) values ( 91,'AMAZONAS',52);
INSERT INTO departamentos(id_departamento, nombre, id_pais) values ( 94,'GUAINIA',52);
INSERT INTO departamentos(id_departamento, nombre, id_pais) values ( 95,'GUAVIARE',52);
INSERT INTO departamentos(id_departamento, nombre, id_pais) values ( 97,'VAUPES',52);
INSERT INTO departamentos(id_departamento, nombre, id_pais) values ( 99,'VICHADA',52);

INSERT INTO ciudades(id_ciudad, nombre, id_departamento) values ( 5001,'MEDELLIN',5);
INSERT INTO ciudades(id_ciudad, nombre, id_departamento) values ( 5002,'ABEJORRAL',5);
INSERT INTO ciudades(id_ciudad, nombre, id_departamento) values ( 5004,'ABRIAQUI',5);
INSERT INTO ciudades(id_ciudad, nombre, id_departamento) values ( 5021,'ALEJANDRIA',5);
INSERT INTO ciudades(id_ciudad, nombre, id_departamento) values ( 5030,'AMAGA',5);
INSERT INTO ciudades(id_ciudad, nombre, id_departamento) values ( 5031,'AMALFI',5);
INSERT INTO ciudades(id_ciudad, nombre, id_departamento) values ( 5034,'ANDES',5);
INSERT INTO ciudades(id_ciudad, nombre, id_departamento) values ( 5036,'ANGELOPOLIS',5);
INSERT INTO ciudades(id_ciudad, nombre, id_departamento) values ( 5038,'ANGOSTURA',5);
INSERT INTO ciudades(id_ciudad, nombre, id_departamento) values ( 5040,'ANORI',5);
INSERT INTO ciudades(id_ciudad, nombre, id_departamento) values ( 5042,'SANTA FE DE ANTIOQUIA',5);
INSERT INTO ciudades(id_ciudad, nombre, id_departamento) values ( 5044,'ANZA',5);
INSERT INTO ciudades(id_ciudad, nombre, id_departamento) values ( 5045,'APARTADO',5);
INSERT INTO ciudades(id_ciudad, nombre, id_departamento) values ( 5051,'ARBOLETES',5);
INSERT INTO ciudades(id_ciudad, nombre, id_departamento) values ( 5055,'ARGELIA',5);
INSERT INTO ciudades(id_ciudad, nombre, id_departamento) values ( 5059,'ARMENIA',5);
INSERT INTO ciudades(id_ciudad, nombre, id_departamento) values ( 5079,'BARBOSA',5);
INSERT INTO ciudades(id_ciudad, nombre, id_departamento) values ( 5086,'BELMIRA',5);
INSERT INTO ciudades(id_ciudad, nombre, id_departamento) values ( 5088,'BELLO',5);
INSERT INTO ciudades(id_ciudad, nombre, id_departamento) values ( 5091,'BETANIA',5);
INSERT INTO ciudades(id_ciudad, nombre, id_departamento) values ( 5093,'BETULIA',5);
INSERT INTO ciudades(id_ciudad, nombre, id_departamento) values ( 5101,'CIUDAD BOLIVAR',5);
INSERT INTO ciudades(id_ciudad, nombre, id_departamento) values ( 5107,'BRICEY0',5);
INSERT INTO ciudades(id_ciudad, nombre, id_departamento) values ( 5113,'BURITICA',5);
INSERT INTO ciudades(id_ciudad, nombre, id_departamento) values ( 5120,'CACERES',5);
INSERT INTO ciudades(id_ciudad, nombre, id_departamento) values ( 5125,'CAICEDO',5);
INSERT INTO ciudades(id_ciudad, nombre, id_departamento) values ( 5129,'CALDAS',5);
INSERT INTO ciudades(id_ciudad, nombre, id_departamento) values ( 5134,'CAMPAMENTO',5);
INSERT INTO ciudades(id_ciudad, nombre, id_departamento) values ( 5138,'CA?ASGORDAS',5);
INSERT INTO ciudades(id_ciudad, nombre, id_departamento) values ( 5142,'CARACOLI',5);
INSERT INTO ciudades(id_ciudad, nombre, id_departamento) values ( 5145,'CARAMANTA',5);
INSERT INTO ciudades(id_ciudad, nombre, id_departamento) values ( 5147,'CAREPA',5);
INSERT INTO ciudades(id_ciudad, nombre, id_departamento) values ( 5148,'CARMEN DE VIBORAL',5);
INSERT INTO ciudades(id_ciudad, nombre, id_departamento) values ( 5150,'CAROLINA',5);
INSERT INTO ciudades(id_ciudad, nombre, id_departamento) values ( 5154,'CAUCASIA',5);
INSERT INTO ciudades(id_ciudad, nombre, id_departamento) values ( 5172,'CHIGORODO',5);
INSERT INTO ciudades(id_ciudad, nombre, id_departamento) values ( 5190,'CISNEROS',5);
INSERT INTO ciudades(id_ciudad, nombre, id_departamento) values ( 5197,'COCORNA',5);
INSERT INTO ciudades(id_ciudad, nombre, id_departamento) values ( 5206,'CONCEPCION',5);
INSERT INTO ciudades(id_ciudad, nombre, id_departamento) values ( 5209,'CONCORDIA',5);
INSERT INTO ciudades(id_ciudad, nombre, id_departamento) values ( 5212,'COPACABANA',5);
INSERT INTO ciudades(id_ciudad, nombre, id_departamento) values ( 5234,'DABEIBA',5);
INSERT INTO ciudades(id_ciudad, nombre, id_departamento) values ( 5237,'DON MATIAS',5);
INSERT INTO ciudades(id_ciudad, nombre, id_departamento) values ( 5240,'EBEJICO',5);
INSERT INTO ciudades(id_ciudad, nombre, id_departamento) values ( 5250,'EL BAGRE',5);
INSERT INTO ciudades(id_ciudad, nombre, id_departamento) values ( 5264,'ENTRERRIOS',5);
INSERT INTO ciudades(id_ciudad, nombre, id_departamento) values ( 5266,'ENVIGADO',5);
INSERT INTO ciudades(id_ciudad, nombre, id_departamento) values ( 5282,'FREDONIA',5);
INSERT INTO ciudades(id_ciudad, nombre, id_departamento) values ( 5284,'FRONTINO',5);
INSERT INTO ciudades(id_ciudad, nombre, id_departamento) values ( 5306,'GIRALDO',5);
INSERT INTO ciudades(id_ciudad, nombre, id_departamento) values ( 5308,'GIRARDOTA',5);
INSERT INTO ciudades(id_ciudad, nombre, id_departamento) values ( 5310,'GOMEZ PLATA',5);
INSERT INTO ciudades(id_ciudad, nombre, id_departamento) values ( 5313,'GRANADA',5);
INSERT INTO ciudades(id_ciudad, nombre, id_departamento) values ( 5315,'GUADALUPE',5);
INSERT INTO ciudades(id_ciudad, nombre, id_departamento) values ( 5318,'GUARNE',5);
INSERT INTO ciudades(id_ciudad, nombre, id_departamento) values ( 5321,'GUATAPE',5);
INSERT INTO ciudades(id_ciudad, nombre, id_departamento) values ( 5347,'HELICONIA',5);
INSERT INTO ciudades(id_ciudad, nombre, id_departamento) values ( 5353,'HISPANIA',5);
INSERT INTO ciudades(id_ciudad, nombre, id_departamento) values ( 5360,'ITAGUI',5);
INSERT INTO ciudades(id_ciudad, nombre, id_departamento) values ( 5361,'ITUANGO',5);
INSERT INTO ciudades(id_ciudad, nombre, id_departamento) values ( 5364,'JARDIN',5);
INSERT INTO ciudades(id_ciudad, nombre, id_departamento) values ( 5368,'JERICO',5);
INSERT INTO ciudades(id_ciudad, nombre, id_departamento) values ( 5376,'LA CEJA',5);
INSERT INTO ciudades(id_ciudad, nombre, id_departamento) values ( 5380,'LA ESTRELLA',5);
INSERT INTO ciudades(id_ciudad, nombre, id_departamento) values ( 5390,'LA PINTADA',5);
INSERT INTO ciudades(id_ciudad, nombre, id_departamento) values ( 5400,'LA UNION',5);
INSERT INTO ciudades(id_ciudad, nombre, id_departamento) values ( 5411,'LIBORINA',5);
INSERT INTO ciudades(id_ciudad, nombre, id_departamento) values ( 5425,'MACEO',5);
INSERT INTO ciudades(id_ciudad, nombre, id_departamento) values ( 5440,'MARINILLA',5);
INSERT INTO ciudades(id_ciudad, nombre, id_departamento) values ( 5467,'MONTEBELLO',5);
INSERT INTO ciudades(id_ciudad, nombre, id_departamento) values ( 5475,'MURINDO',5);
INSERT INTO ciudades(id_ciudad, nombre, id_departamento) values ( 5480,'MUTATA',5);
INSERT INTO ciudades(id_ciudad, nombre, id_departamento) values ( 5483,'NARI?O',5);
INSERT INTO ciudades(id_ciudad, nombre, id_departamento) values ( 5490,'NECOCLI',5);
INSERT INTO ciudades(id_ciudad, nombre, id_departamento) values ( 5495,'NECHI',5);
INSERT INTO ciudades(id_ciudad, nombre, id_departamento) values ( 5501,'OLAYA',5);
INSERT INTO ciudades(id_ciudad, nombre, id_departamento) values ( 5541,'EL PE?OL',5);
INSERT INTO ciudades(id_ciudad, nombre, id_departamento) values ( 5543,'PEQUE',5);
INSERT INTO ciudades(id_ciudad, nombre, id_departamento) values ( 5576,'PUEBLO RICO',5);
INSERT INTO ciudades(id_ciudad, nombre, id_departamento) values ( 5579,'PUERTO BERRIO',5);
INSERT INTO ciudades(id_ciudad, nombre, id_departamento) values ( 5585,'PUERTO NARE',5);
INSERT INTO ciudades(id_ciudad, nombre, id_departamento) values ( 5591,'PUERTO TRIUNFO',5);
INSERT INTO ciudades(id_ciudad, nombre, id_departamento) values ( 5604,'REMEDIOS',5);
INSERT INTO ciudades(id_ciudad, nombre, id_departamento) values ( 5607,'EL RETIRO',5);
INSERT INTO ciudades(id_ciudad, nombre, id_departamento) values ( 5615,'RIONEGRO',5);
INSERT INTO ciudades(id_ciudad, nombre, id_departamento) values ( 5628,'SABANALARGA',5);
INSERT INTO ciudades(id_ciudad, nombre, id_departamento) values ( 5631,'SABANETA',5);
INSERT INTO ciudades(id_ciudad, nombre, id_departamento) values ( 5642,'SALGAR',5);
INSERT INTO ciudades(id_ciudad, nombre, id_departamento) values ( 5647,'SAN ANDRES',5);
INSERT INTO ciudades(id_ciudad, nombre, id_departamento) values ( 5649,'SAN CARLOS',5);
INSERT INTO ciudades(id_ciudad, nombre, id_departamento) values ( 5652,'SAN FRANCISCO',5);
INSERT INTO ciudades(id_ciudad, nombre, id_departamento) values ( 5656,'SAN JERONIMO',5);
INSERT INTO ciudades(id_ciudad, nombre, id_departamento) values ( 5658,'SAN JOSE DE LA MONTA?A',5);
INSERT INTO ciudades(id_ciudad, nombre, id_departamento) values ( 5659,'SAN JUAN DE URABA',5);
INSERT INTO ciudades(id_ciudad, nombre, id_departamento) values ( 5660,'SAN LUIS',5);
INSERT INTO ciudades(id_ciudad, nombre, id_departamento) values ( 5664,'SAN PEDRO',5);
INSERT INTO ciudades(id_ciudad, nombre, id_departamento) values ( 5665,'SAN PEDRO DE URABA',5);
INSERT INTO ciudades(id_ciudad, nombre, id_departamento) values ( 5667,'SAN RAFAEL',5);
INSERT INTO ciudades(id_ciudad, nombre, id_departamento) values ( 5670,'SAN ROQUE',5);
INSERT INTO ciudades(id_ciudad, nombre, id_departamento) values ( 5674,'SAN VICENTE',5);
INSERT INTO ciudades(id_ciudad, nombre, id_departamento) values ( 5679,'SANTA BARBARA',5);
INSERT INTO ciudades(id_ciudad, nombre, id_departamento) values ( 5686,'SANTA ROSA DE OSOS',5);
INSERT INTO ciudades(id_ciudad, nombre, id_departamento) values ( 5690,'SANTO DOMINGO',5);
INSERT INTO ciudades(id_ciudad, nombre, id_departamento) values ( 5697,'SANTUARIO',5);
INSERT INTO ciudades(id_ciudad, nombre, id_departamento) values ( 5736,'SEGOVIA',5);
INSERT INTO ciudades(id_ciudad, nombre, id_departamento) values ( 5756,'SONSON',5);
INSERT INTO ciudades(id_ciudad, nombre, id_departamento) values ( 5761,'SOPETRAN',5);
INSERT INTO ciudades(id_ciudad, nombre, id_departamento) values ( 5789,'TAMESIS',5);
INSERT INTO ciudades(id_ciudad, nombre, id_departamento) values ( 5790,'TARAZA',5);
INSERT INTO ciudades(id_ciudad, nombre, id_departamento) values ( 5792,'TARSO',5);
INSERT INTO ciudades(id_ciudad, nombre, id_departamento) values ( 5809,'TITIRIBI',5);
INSERT INTO ciudades(id_ciudad, nombre, id_departamento) values ( 5819,'TOLEDO',5);
INSERT INTO ciudades(id_ciudad, nombre, id_departamento) values ( 5837,'TURBO',5);
INSERT INTO ciudades(id_ciudad, nombre, id_departamento) values ( 5842,'URAMITA',5);
INSERT INTO ciudades(id_ciudad, nombre, id_departamento) values ( 5847,'URRAO',5);
INSERT INTO ciudades(id_ciudad, nombre, id_departamento) values ( 5854,'VALDIVIA',5);
INSERT INTO ciudades(id_ciudad, nombre, id_departamento) values ( 5856,'VALPARAISO',5);
INSERT INTO ciudades(id_ciudad, nombre, id_departamento) values ( 5858,'VEGACHI',5);
INSERT INTO ciudades(id_ciudad, nombre, id_departamento) values ( 5861,'VENECIA',5);
INSERT INTO ciudades(id_ciudad, nombre, id_departamento) values ( 5873,'VIGIA DEL FUERTE',5);
INSERT INTO ciudades(id_ciudad, nombre, id_departamento) values ( 5885,'YALI',5);
INSERT INTO ciudades(id_ciudad, nombre, id_departamento) values ( 5887,'YARUMAL',5);
INSERT INTO ciudades(id_ciudad, nombre, id_departamento) values ( 5890,'YOLOMBO',5);
INSERT INTO ciudades(id_ciudad, nombre, id_departamento) values ( 5893,'YONDO',5);
INSERT INTO ciudades(id_ciudad, nombre, id_departamento) values ( 5895,'ZARAGOZA',5);
INSERT INTO ciudades(id_ciudad, nombre, id_departamento) values ( 8001,'BARRANQUILLA',8);
INSERT INTO ciudades(id_ciudad, nombre, id_departamento) values ( 8078,'BARANOA',8);
INSERT INTO ciudades(id_ciudad, nombre, id_departamento) values ( 8137,'CAMPO DE LA CRUZ',8);
INSERT INTO ciudades(id_ciudad, nombre, id_departamento) values ( 8141,'CANDELARIA',8);
INSERT INTO ciudades(id_ciudad, nombre, id_departamento) values ( 8296,'GALAPA',8);
INSERT INTO ciudades(id_ciudad, nombre, id_departamento) values ( 8372,'JUAN DE ACOSTA',8);
INSERT INTO ciudades(id_ciudad, nombre, id_departamento) values ( 8421,'LURUACO',8);
INSERT INTO ciudades(id_ciudad, nombre, id_departamento) values ( 8433,'MALAMBO',8);
INSERT INTO ciudades(id_ciudad, nombre, id_departamento) values ( 8436,'MANATI',8);
INSERT INTO ciudades(id_ciudad, nombre, id_departamento) values ( 8520,'PALMAR DE VARELA',8);
INSERT INTO ciudades(id_ciudad, nombre, id_departamento) values ( 8549,'PIOJO',8);
INSERT INTO ciudades(id_ciudad, nombre, id_departamento) values ( 8558,'POLONUEVO',8);
INSERT INTO ciudades(id_ciudad, nombre, id_departamento) values ( 8560,'PONEDERA',8);
INSERT INTO ciudades(id_ciudad, nombre, id_departamento) values ( 8573,'PUERTO COLOMBIA',8);
INSERT INTO ciudades(id_ciudad, nombre, id_departamento) values ( 8606,'REPELON',8);
INSERT INTO ciudades(id_ciudad, nombre, id_departamento) values ( 8634,'SABANAGRANDE',8);
INSERT INTO ciudades(id_ciudad, nombre, id_departamento) values ( 8638,'SABANALARGA',8);
INSERT INTO ciudades(id_ciudad, nombre, id_departamento) values ( 8675,'SANTA LUCIA',8);
INSERT INTO ciudades(id_ciudad, nombre, id_departamento) values ( 8685,'SANTO TOMAS',8);
INSERT INTO ciudades(id_ciudad, nombre, id_departamento) values ( 8758,'SOLEDAD',8);
INSERT INTO ciudades(id_ciudad, nombre, id_departamento) values ( 8770,'SUAN',8);
INSERT INTO ciudades(id_ciudad, nombre, id_departamento) values ( 8832,'TUBARA',8);
INSERT INTO ciudades(id_ciudad, nombre, id_departamento) values ( 8849,'USIACURI',8);
INSERT INTO ciudades(id_ciudad, nombre, id_departamento) values ( 11001,'SANTAFE DE BOGOTA',11);
INSERT INTO ciudades(id_ciudad, nombre, id_departamento) values ( 13001,'CARTAGENA',13);
INSERT INTO ciudades(id_ciudad, nombre, id_departamento) values ( 13006,'ACHI',13);
INSERT INTO ciudades(id_ciudad, nombre, id_departamento) values ( 13030,'ALTOS DEL ROSARIO',13);
INSERT INTO ciudades(id_ciudad, nombre, id_departamento) values ( 13042,'ARENAL',13);
INSERT INTO ciudades(id_ciudad, nombre, id_departamento) values ( 13052,'ARJONA',13);
INSERT INTO ciudades(id_ciudad, nombre, id_departamento) values ( 13074,'BARRANCO DE LOBA',13);
INSERT INTO ciudades(id_ciudad, nombre, id_departamento) values ( 13140,'CALAMAR',13);
INSERT INTO ciudades(id_ciudad, nombre, id_departamento) values ( 13160,'CANTAGALLO',13);
INSERT INTO ciudades(id_ciudad, nombre, id_departamento) values ( 13188,'CICUCO',13);
INSERT INTO ciudades(id_ciudad, nombre, id_departamento) values ( 13212,'CORDOBA',13);
INSERT INTO ciudades(id_ciudad, nombre, id_departamento) values ( 13222,'CLEMENCIA',13);
INSERT INTO ciudades(id_ciudad, nombre, id_departamento) values ( 13244,'EL CARMEN DE BOLIVAR',13);
INSERT INTO ciudades(id_ciudad, nombre, id_departamento) values ( 13248,'EL GUAMO',13);
INSERT INTO ciudades(id_ciudad, nombre, id_departamento) values ( 13268,'EL PE?ON',13);
INSERT INTO ciudades(id_ciudad, nombre, id_departamento) values ( 13300,'HATILLO DE LOBA',13);
INSERT INTO ciudades(id_ciudad, nombre, id_departamento) values ( 13430,'MAGANGUE',13);
INSERT INTO ciudades(id_ciudad, nombre, id_departamento) values ( 13433,'MAHATES',13);
INSERT INTO ciudades(id_ciudad, nombre, id_departamento) values ( 13440,'MARGARITA',13);
INSERT INTO ciudades(id_ciudad, nombre, id_departamento) values ( 13442,'MARIA LA BAJA',13);
INSERT INTO ciudades(id_ciudad, nombre, id_departamento) values ( 13458,'MONTECRISTO',13);
INSERT INTO ciudades(id_ciudad, nombre, id_departamento) values ( 13468,'MOMPOS',13);
INSERT INTO ciudades(id_ciudad, nombre, id_departamento) values ( 13473,'MORALES',13);
INSERT INTO ciudades(id_ciudad, nombre, id_departamento) values ( 13549,'PINILLOS',13);
INSERT INTO ciudades(id_ciudad, nombre, id_departamento) values ( 13580,'REGIDOR',13);
INSERT INTO ciudades(id_ciudad, nombre, id_departamento) values ( 13600,'RIO VIEJO',13);
INSERT INTO ciudades(id_ciudad, nombre, id_departamento) values ( 13620,'SAN CRISTOBAL',13);
INSERT INTO ciudades(id_ciudad, nombre, id_departamento) values ( 13647,'SAN ESTANISLAO',13);
INSERT INTO ciudades(id_ciudad, nombre, id_departamento) values ( 13650,'SAN FERNANDO',13);
INSERT INTO ciudades(id_ciudad, nombre, id_departamento) values ( 13654,'SAN JACINTO',13);
INSERT INTO ciudades(id_ciudad, nombre, id_departamento) values ( 13657,'SAN JUAN NEPOMUCENO',13);
INSERT INTO ciudades(id_ciudad, nombre, id_departamento) values ( 13667,'SAN MARTIN DE LOBA',13);
INSERT INTO ciudades(id_ciudad, nombre, id_departamento) values ( 13670,'SAN PABLO',13);
INSERT INTO ciudades(id_ciudad, nombre, id_departamento) values ( 13673,'SANTA CATALINA',13);
INSERT INTO ciudades(id_ciudad, nombre, id_departamento) values ( 13683,'SANTA ROSA',13);
INSERT INTO ciudades(id_ciudad, nombre, id_departamento) values ( 13688,'SANTA ROSA DEL SUR',13);
INSERT INTO ciudades(id_ciudad, nombre, id_departamento) values ( 13744,'SIMITI',13);
INSERT INTO ciudades(id_ciudad, nombre, id_departamento) values ( 13760,'SOPLAVIENTO',13);
INSERT INTO ciudades(id_ciudad, nombre, id_departamento) values ( 13780,'TALAIGUA NUEVO',13);
INSERT INTO ciudades(id_ciudad, nombre, id_departamento) values ( 13810,'TIQUISIO',13);
INSERT INTO ciudades(id_ciudad, nombre, id_departamento) values ( 13836,'TURBACO',13);
INSERT INTO ciudades(id_ciudad, nombre, id_departamento) values ( 13838,'TURBANA',13);
INSERT INTO ciudades(id_ciudad, nombre, id_departamento) values ( 13873,'VILLANUEVA',13);
INSERT INTO ciudades(id_ciudad, nombre, id_departamento) values ( 13894,'ZAMBRANO',13);
INSERT INTO ciudades(id_ciudad, nombre, id_departamento) values ( 15001,'TUNJA',15);
INSERT INTO ciudades(id_ciudad, nombre, id_departamento) values ( 15022,'ALMEIDA',15);
INSERT INTO ciudades(id_ciudad, nombre, id_departamento) values ( 15047,'AQUITANIA',15);
INSERT INTO ciudades(id_ciudad, nombre, id_departamento) values ( 15051,'ARCABUCO',15);
INSERT INTO ciudades(id_ciudad, nombre, id_departamento) values ( 15087,'BELEN',15);
INSERT INTO ciudades(id_ciudad, nombre, id_departamento) values ( 15090,'BERBEO',15);
INSERT INTO ciudades(id_ciudad, nombre, id_departamento) values ( 15092,'BETEITIVA',15);
INSERT INTO ciudades(id_ciudad, nombre, id_departamento) values ( 15097,'BOAVITA',15);
INSERT INTO ciudades(id_ciudad, nombre, id_departamento) values ( 15104,'BOYACA',15);
INSERT INTO ciudades(id_ciudad, nombre, id_departamento) values ( 15106,'BRICE?0',15);
INSERT INTO ciudades(id_ciudad, nombre, id_departamento) values ( 15109,'BUENAVISTA',15);
INSERT INTO ciudades(id_ciudad, nombre, id_departamento) values ( 15114,'BUSBANZA',15);
INSERT INTO ciudades(id_ciudad, nombre, id_departamento) values ( 15131,'CALDAS',15);
INSERT INTO ciudades(id_ciudad, nombre, id_departamento) values ( 15135,'CAMPOHERMOSO',15);
INSERT INTO ciudades(id_ciudad, nombre, id_departamento) values ( 15162,'CERINZA',15);
INSERT INTO ciudades(id_ciudad, nombre, id_departamento) values ( 15172,'CHINAVITA',15);
INSERT INTO ciudades(id_ciudad, nombre, id_departamento) values ( 15176,'CHIQUINQUIRA',15);
INSERT INTO ciudades(id_ciudad, nombre, id_departamento) values ( 15180,'CHISCAS',15);
INSERT INTO ciudades(id_ciudad, nombre, id_departamento) values ( 15183,'CHITA',15);
INSERT INTO ciudades(id_ciudad, nombre, id_departamento) values ( 15185,'CHITARAQUE',15);
INSERT INTO ciudades(id_ciudad, nombre, id_departamento) values ( 15187,'CHIVATA',15);
INSERT INTO ciudades(id_ciudad, nombre, id_departamento) values ( 15189,'CIENEGA',15);
INSERT INTO ciudades(id_ciudad, nombre, id_departamento) values ( 15204,'COMBITA',15);
INSERT INTO ciudades(id_ciudad, nombre, id_departamento) values ( 15212,'COPER',15);
INSERT INTO ciudades(id_ciudad, nombre, id_departamento) values ( 15215,'CORRALES',15);
INSERT INTO ciudades(id_ciudad, nombre, id_departamento) values ( 15218,'COVARACHIA',15);
INSERT INTO ciudades(id_ciudad, nombre, id_departamento) values ( 15223,'CUBARA',15);
INSERT INTO ciudades(id_ciudad, nombre, id_departamento) values ( 15224,'CUCAITA',15);
INSERT INTO ciudades(id_ciudad, nombre, id_departamento) values ( 15226,'CUITIVA',15);
INSERT INTO ciudades(id_ciudad, nombre, id_departamento) values ( 15232,'CHIQUIZA',15);
INSERT INTO ciudades(id_ciudad, nombre, id_departamento) values ( 15236,'CHIVOR',15);
INSERT INTO ciudades(id_ciudad, nombre, id_departamento) values ( 15238,'DUITAMA',15);
INSERT INTO ciudades(id_ciudad, nombre, id_departamento) values ( 15244,'EL COCUY',15);
INSERT INTO ciudades(id_ciudad, nombre, id_departamento) values ( 15248,'EL ESPINO',15);
INSERT INTO ciudades(id_ciudad, nombre, id_departamento) values ( 15272,'FIRAVITOBA',15);
INSERT INTO ciudades(id_ciudad, nombre, id_departamento) values ( 15276,'FLORESTA',15);
INSERT INTO ciudades(id_ciudad, nombre, id_departamento) values ( 15293,'GACHANTIVA',15);
INSERT INTO ciudades(id_ciudad, nombre, id_departamento) values ( 15296,'GAMEZA',15);
INSERT INTO ciudades(id_ciudad, nombre, id_departamento) values ( 15299,'GARAGOA',15);
INSERT INTO ciudades(id_ciudad, nombre, id_departamento) values ( 15317,'GUACAMAYAS',15);
INSERT INTO ciudades(id_ciudad, nombre, id_departamento) values ( 15322,'GUATEQUE',15);
INSERT INTO ciudades(id_ciudad, nombre, id_departamento) values ( 15325,'GUAYATA',15);
INSERT INTO ciudades(id_ciudad, nombre, id_departamento) values ( 15332,'GUICAN',15);
INSERT INTO ciudades(id_ciudad, nombre, id_departamento) values ( 15362,'IZA',15);
INSERT INTO ciudades(id_ciudad, nombre, id_departamento) values ( 15367,'JENESANO',15);
INSERT INTO ciudades(id_ciudad, nombre, id_departamento) values ( 15368,'JERICO',15);
INSERT INTO ciudades(id_ciudad, nombre, id_departamento) values ( 15377,'LABRANZAGRANDE',15);
INSERT INTO ciudades(id_ciudad, nombre, id_departamento) values ( 15380,'LA CAPILLA',15);
INSERT INTO ciudades(id_ciudad, nombre, id_departamento) values ( 15401,'LA VICTORIA',15);
INSERT INTO ciudades(id_ciudad, nombre, id_departamento) values ( 15403,'LA UVITA',15);
INSERT INTO ciudades(id_ciudad, nombre, id_departamento) values ( 15407,'VILLA DE LEIVA',15);
INSERT INTO ciudades(id_ciudad, nombre, id_departamento) values ( 15425,'MACANAL',15);
INSERT INTO ciudades(id_ciudad, nombre, id_departamento) values ( 15442,'MARIPI',15);
INSERT INTO ciudades(id_ciudad, nombre, id_departamento) values ( 15455,'MIRAFLORES',15);
INSERT INTO ciudades(id_ciudad, nombre, id_departamento) values ( 15464,'MONGUA',15);
INSERT INTO ciudades(id_ciudad, nombre, id_departamento) values ( 15466,'MONGUI',15);
INSERT INTO ciudades(id_ciudad, nombre, id_departamento) values ( 15469,'MONIQUIRA',15);
INSERT INTO ciudades(id_ciudad, nombre, id_departamento) values ( 15476,'MOTAVITA',15);
INSERT INTO ciudades(id_ciudad, nombre, id_departamento) values ( 15480,'MUZO',15);
INSERT INTO ciudades(id_ciudad, nombre, id_departamento) values ( 15491,'NOBSA',15);
INSERT INTO ciudades(id_ciudad, nombre, id_departamento) values ( 15494,'NUEVO COLON',15);
INSERT INTO ciudades(id_ciudad, nombre, id_departamento) values ( 15500,'OICATA',15);
INSERT INTO ciudades(id_ciudad, nombre, id_departamento) values ( 15507,'OTANCHE',15);
INSERT INTO ciudades(id_ciudad, nombre, id_departamento) values ( 15511,'PACHAVITA',15);
INSERT INTO ciudades(id_ciudad, nombre, id_departamento) values ( 15514,'PAEZ',15);
INSERT INTO ciudades(id_ciudad, nombre, id_departamento) values ( 15516,'PAIPA',15);
INSERT INTO ciudades(id_ciudad, nombre, id_departamento) values ( 15518,'PAJARITO',15);
INSERT INTO ciudades(id_ciudad, nombre, id_departamento) values ( 15522,'PANQUEBA',15);
INSERT INTO ciudades(id_ciudad, nombre, id_departamento) values ( 15531,'PAUNA',15);
INSERT INTO ciudades(id_ciudad, nombre, id_departamento) values ( 15533,'PAYA',15);
INSERT INTO ciudades(id_ciudad, nombre, id_departamento) values ( 15537,'PAZ DE RIO',15);
INSERT INTO ciudades(id_ciudad, nombre, id_departamento) values ( 15542,'PESCA',15);
INSERT INTO ciudades(id_ciudad, nombre, id_departamento) values ( 15550,'PISVA',15);
INSERT INTO ciudades(id_ciudad, nombre, id_departamento) values ( 15572,'PUERTO BOYACA',15);
INSERT INTO ciudades(id_ciudad, nombre, id_departamento) values ( 15580,'QUIPAMA',15);
INSERT INTO ciudades(id_ciudad, nombre, id_departamento) values ( 15599,'RAMIRIQUI',15);
INSERT INTO ciudades(id_ciudad, nombre, id_departamento) values ( 15600,'RAQUIRA',15);
INSERT INTO ciudades(id_ciudad, nombre, id_departamento) values ( 15621,'RONDON',15);
INSERT INTO ciudades(id_ciudad, nombre, id_departamento) values ( 15632,'SABOYA',15);
INSERT INTO ciudades(id_ciudad, nombre, id_departamento) values ( 15638,'SACHICA',15);
INSERT INTO ciudades(id_ciudad, nombre, id_departamento) values ( 15646,'SAMACA',15);
INSERT INTO ciudades(id_ciudad, nombre, id_departamento) values ( 15660,'SAN EDUARDO',15);
INSERT INTO ciudades(id_ciudad, nombre, id_departamento) values ( 15664,'SAN JOSE DE PARE',15);
INSERT INTO ciudades(id_ciudad, nombre, id_departamento) values ( 15667,'SAN LUIS DE GACENO',15);
INSERT INTO ciudades(id_ciudad, nombre, id_departamento) values ( 15673,'SAN MATEO',15);
INSERT INTO ciudades(id_ciudad, nombre, id_departamento) values ( 15676,'SAN MIGUEL DE SEMA',15);
INSERT INTO ciudades(id_ciudad, nombre, id_departamento) values ( 15681,'SAN PABLO DE BORBUR',15);
INSERT INTO ciudades(id_ciudad, nombre, id_departamento) values ( 15686,'SANTANA',15);
INSERT INTO ciudades(id_ciudad, nombre, id_departamento) values ( 15690,'SANTA MARIA',15);
INSERT INTO ciudades(id_ciudad, nombre, id_departamento) values ( 15693,'SANTA ROSA DE VITERBO',15);
INSERT INTO ciudades(id_ciudad, nombre, id_departamento) values ( 15696,'SANTA SOFIA',15);
INSERT INTO ciudades(id_ciudad, nombre, id_departamento) values ( 15720,'SATIVANORTE',15);
INSERT INTO ciudades(id_ciudad, nombre, id_departamento) values ( 15723,'SATIVASUR',15);
INSERT INTO ciudades(id_ciudad, nombre, id_departamento) values ( 15740,'SIACHOQUE',15);
INSERT INTO ciudades(id_ciudad, nombre, id_departamento) values ( 15753,'SOATA',15);
INSERT INTO ciudades(id_ciudad, nombre, id_departamento) values ( 15755,'SOCOTA',15);
INSERT INTO ciudades(id_ciudad, nombre, id_departamento) values ( 15757,'SOCHA',15);
INSERT INTO ciudades(id_ciudad, nombre, id_departamento) values ( 15759,'SOGAMOSO',15);
INSERT INTO ciudades(id_ciudad, nombre, id_departamento) values ( 15761,'SOMONDOCO',15);
INSERT INTO ciudades(id_ciudad, nombre, id_departamento) values ( 15762,'SORA',15);
INSERT INTO ciudades(id_ciudad, nombre, id_departamento) values ( 15763,'SOTAQUIRA',15);
INSERT INTO ciudades(id_ciudad, nombre, id_departamento) values ( 15764,'SORACA',15);
INSERT INTO ciudades(id_ciudad, nombre, id_departamento) values ( 15774,'SUSACON',15);
INSERT INTO ciudades(id_ciudad, nombre, id_departamento) values ( 15776,'SUTAMARCHAN',15);
INSERT INTO ciudades(id_ciudad, nombre, id_departamento) values ( 15778,'SUTATENZA',15);
INSERT INTO ciudades(id_ciudad, nombre, id_departamento) values ( 15790,'TASCO',15);
INSERT INTO ciudades(id_ciudad, nombre, id_departamento) values ( 15798,'TENZA',15);
INSERT INTO ciudades(id_ciudad, nombre, id_departamento) values ( 15804,'TIBANA',15);
INSERT INTO ciudades(id_ciudad, nombre, id_departamento) values ( 15806,'TIBASOSA',15);
INSERT INTO ciudades(id_ciudad, nombre, id_departamento) values ( 15808,'TINJACA',15);
INSERT INTO ciudades(id_ciudad, nombre, id_departamento) values ( 15810,'TIPACOQUE',15);
INSERT INTO ciudades(id_ciudad, nombre, id_departamento) values ( 15814,'TOCA',15);
INSERT INTO ciudades(id_ciudad, nombre, id_departamento) values ( 15816,'TOGUI',15);
INSERT INTO ciudades(id_ciudad, nombre, id_departamento) values ( 15820,'TOPAGA',15);
INSERT INTO ciudades(id_ciudad, nombre, id_departamento) values ( 15822,'TOTA',15);
INSERT INTO ciudades(id_ciudad, nombre, id_departamento) values ( 15832,'TUNUNGA',15);
INSERT INTO ciudades(id_ciudad, nombre, id_departamento) values ( 15835,'TURMEQUE',15);
INSERT INTO ciudades(id_ciudad, nombre, id_departamento) values ( 15837,'TUTA',15);
INSERT INTO ciudades(id_ciudad, nombre, id_departamento) values ( 15839,'TUTAZA',15);
INSERT INTO ciudades(id_ciudad, nombre, id_departamento) values ( 15842,'UMBITA',15);
INSERT INTO ciudades(id_ciudad, nombre, id_departamento) values ( 15861,'VENTAQUEMADA',15);
INSERT INTO ciudades(id_ciudad, nombre, id_departamento) values ( 15879,'VIRACACHA',15);
INSERT INTO ciudades(id_ciudad, nombre, id_departamento) values ( 15897,'ZETAQUIRA',15);
INSERT INTO ciudades(id_ciudad, nombre, id_departamento) values ( 17001,'MANIZALES',17);
INSERT INTO ciudades(id_ciudad, nombre, id_departamento) values ( 17013,'AGUADAS',17);
INSERT INTO ciudades(id_ciudad, nombre, id_departamento) values ( 17042,'ANSERMA',17);
INSERT INTO ciudades(id_ciudad, nombre, id_departamento) values ( 17050,'ARANZAZU',17);
INSERT INTO ciudades(id_ciudad, nombre, id_departamento) values ( 17088,'BELALCAZAR',17);
INSERT INTO ciudades(id_ciudad, nombre, id_departamento) values ( 17174,'CHINCHINA',17);
INSERT INTO ciudades(id_ciudad, nombre, id_departamento) values ( 17272,'FILADELFIA',17);
INSERT INTO ciudades(id_ciudad, nombre, id_departamento) values ( 17380,'LA DORADA',17);
INSERT INTO ciudades(id_ciudad, nombre, id_departamento) values ( 17388,'LA MERCED',17);
INSERT INTO ciudades(id_ciudad, nombre, id_departamento) values ( 17433,'MANZANARES',17);
INSERT INTO ciudades(id_ciudad, nombre, id_departamento) values ( 17442,'MARMATO',17);
INSERT INTO ciudades(id_ciudad, nombre, id_departamento) values ( 17444,'MARQUETALIA',17);
INSERT INTO ciudades(id_ciudad, nombre, id_departamento) values ( 17446,'MARULANDA',17);
INSERT INTO ciudades(id_ciudad, nombre, id_departamento) values ( 17486,'NEIRA',17);
INSERT INTO ciudades(id_ciudad, nombre, id_departamento) values ( 17495,'NORCASIA (CALDAS)',17);
INSERT INTO ciudades(id_ciudad, nombre, id_departamento) values ( 17513,'PACORA',17);
INSERT INTO ciudades(id_ciudad, nombre, id_departamento) values ( 17524,'PALESTINA',17);
INSERT INTO ciudades(id_ciudad, nombre, id_departamento) values ( 17541,'PENSILVANIA',17);
INSERT INTO ciudades(id_ciudad, nombre, id_departamento) values ( 17614,'RIOSUCIO',17);
INSERT INTO ciudades(id_ciudad, nombre, id_departamento) values ( 17616,'RISARALDA',17);
INSERT INTO ciudades(id_ciudad, nombre, id_departamento) values ( 17653,'SALAMINA',17);
INSERT INTO ciudades(id_ciudad, nombre, id_departamento) values ( 17662,'SAMANA',17);
INSERT INTO ciudades(id_ciudad, nombre, id_departamento) values ( 17777,'SUPIA',17);
INSERT INTO ciudades(id_ciudad, nombre, id_departamento) values ( 17867,'VICTORIA',17);
INSERT INTO ciudades(id_ciudad, nombre, id_departamento) values ( 17873,'VILLAMARIA',17);
INSERT INTO ciudades(id_ciudad, nombre, id_departamento) values ( 17877,'VITERBO',17);
INSERT INTO ciudades(id_ciudad, nombre, id_departamento) values ( 18001,'FLORENCIA',18);
INSERT INTO ciudades(id_ciudad, nombre, id_departamento) values ( 18029,'ALBANIA',18);
INSERT INTO ciudades(id_ciudad, nombre, id_departamento) values ( 18094,'BELEN DE LOS ANDAQUIES',18);
INSERT INTO ciudades(id_ciudad, nombre, id_departamento) values ( 18150,'CARTAGENA DEL CHAIRA',18);
INSERT INTO ciudades(id_ciudad, nombre, id_departamento) values ( 18205,'CURILLO',18);
INSERT INTO ciudades(id_ciudad, nombre, id_departamento) values ( 18247,'EL DONCELLO',18);
INSERT INTO ciudades(id_ciudad, nombre, id_departamento) values ( 18256,'PAUJIL',18);
INSERT INTO ciudades(id_ciudad, nombre, id_departamento) values ( 18410,'MONTANITA',18);
INSERT INTO ciudades(id_ciudad, nombre, id_departamento) values ( 18460,'MILAN',18);
INSERT INTO ciudades(id_ciudad, nombre, id_departamento) values ( 18479,'MORELIA',18);
INSERT INTO ciudades(id_ciudad, nombre, id_departamento) values ( 18592,'PUERTO RICO',18);
INSERT INTO ciudades(id_ciudad, nombre, id_departamento) values ( 18610,'SAN JOSE DEL FRAGUA',18);
INSERT INTO ciudades(id_ciudad, nombre, id_departamento) values ( 18753,'SAN VICENTE DEL CAGUAN',18);
INSERT INTO ciudades(id_ciudad, nombre, id_departamento) values ( 18765,'SOLANO',18);
INSERT INTO ciudades(id_ciudad, nombre, id_departamento) values ( 18785,'SOLITA',18);
INSERT INTO ciudades(id_ciudad, nombre, id_departamento) values ( 18860,'VALPARAISO',18);
INSERT INTO ciudades(id_ciudad, nombre, id_departamento) values ( 19001,'POPAYAN',19);
INSERT INTO ciudades(id_ciudad, nombre, id_departamento) values ( 19022,'ALMAGUER',19);
INSERT INTO ciudades(id_ciudad, nombre, id_departamento) values ( 19050,'ARGELIA',19);
INSERT INTO ciudades(id_ciudad, nombre, id_departamento) values ( 19075,'BALBOA',19);
INSERT INTO ciudades(id_ciudad, nombre, id_departamento) values ( 19100,'BOLIVAR',19);
INSERT INTO ciudades(id_ciudad, nombre, id_departamento) values ( 19110,'BUENOS AIRES',19);
INSERT INTO ciudades(id_ciudad, nombre, id_departamento) values ( 19130,'CAJIBIO',19);
INSERT INTO ciudades(id_ciudad, nombre, id_departamento) values ( 19137,'CALDONO',19);
INSERT INTO ciudades(id_ciudad, nombre, id_departamento) values ( 19142,'CALOTO',19);
INSERT INTO ciudades(id_ciudad, nombre, id_departamento) values ( 19212,'CORINTO',19);
INSERT INTO ciudades(id_ciudad, nombre, id_departamento) values ( 19256,'EL TAMBO',19);
INSERT INTO ciudades(id_ciudad, nombre, id_departamento) values ( 19290,'FLORENCIA',19);
INSERT INTO ciudades(id_ciudad, nombre, id_departamento) values ( 19318,'GUAPI',19);
INSERT INTO ciudades(id_ciudad, nombre, id_departamento) values ( 19355,'INZA',19);
INSERT INTO ciudades(id_ciudad, nombre, id_departamento) values ( 19364,'JAMBALO',19);
INSERT INTO ciudades(id_ciudad, nombre, id_departamento) values ( 19392,'LA SIERRA',19);
INSERT INTO ciudades(id_ciudad, nombre, id_departamento) values ( 19397,'LA VEGA',19);
INSERT INTO ciudades(id_ciudad, nombre, id_departamento) values ( 19418,'LOPEZ',19);
INSERT INTO ciudades(id_ciudad, nombre, id_departamento) values ( 19450,'MERCADERES',19);
INSERT INTO ciudades(id_ciudad, nombre, id_departamento) values ( 19455,'MIRANDA',19);
INSERT INTO ciudades(id_ciudad, nombre, id_departamento) values ( 19473,'MORALES',19);
INSERT INTO ciudades(id_ciudad, nombre, id_departamento) values ( 19513,'PADILLA',19);
INSERT INTO ciudades(id_ciudad, nombre, id_departamento) values ( 19517,'PAEZ (BELALCAZAR)',19);
INSERT INTO ciudades(id_ciudad, nombre, id_departamento) values ( 19532,'PATIA (EL BORDO)',19);
INSERT INTO ciudades(id_ciudad, nombre, id_departamento) values ( 19548,'PIENDAMO',19);
INSERT INTO ciudades(id_ciudad, nombre, id_departamento) values ( 19573,'PUERTO TEJADA',19);
INSERT INTO ciudades(id_ciudad, nombre, id_departamento) values ( 19585,'PURACE (COCONUCO)',19);
INSERT INTO ciudades(id_ciudad, nombre, id_departamento) values ( 19622,'ROSAS',19);
INSERT INTO ciudades(id_ciudad, nombre, id_departamento) values ( 19693,'SAN SEBASTIAN',19);
INSERT INTO ciudades(id_ciudad, nombre, id_departamento) values ( 19698,'SANTANDER DE QUILICHAO',19);
INSERT INTO ciudades(id_ciudad, nombre, id_departamento) values ( 19701,'SANTA ROSA',19);
INSERT INTO ciudades(id_ciudad, nombre, id_departamento) values ( 19743,'SILVIA',19);
INSERT INTO ciudades(id_ciudad, nombre, id_departamento) values ( 19760,'SOTARA (PAISPAMBA)',19);
INSERT INTO ciudades(id_ciudad, nombre, id_departamento) values ( 19780,'SUAREZ',19);
INSERT INTO ciudades(id_ciudad, nombre, id_departamento) values ( 19785,'SUCRE (CAUCA)',19);
INSERT INTO ciudades(id_ciudad, nombre, id_departamento) values ( 19807,'TIMBIO',19);
INSERT INTO ciudades(id_ciudad, nombre, id_departamento) values ( 19809,'TIMBIQUI',19);
INSERT INTO ciudades(id_ciudad, nombre, id_departamento) values ( 19821,'TORIBIO',19);
INSERT INTO ciudades(id_ciudad, nombre, id_departamento) values ( 19824,'TOTORO',19);
INSERT INTO ciudades(id_ciudad, nombre, id_departamento) values ( 20001,'VALLEDUPAR',20);
INSERT INTO ciudades(id_ciudad, nombre, id_departamento) values ( 20011,'AGUACHICA',20);
INSERT INTO ciudades(id_ciudad, nombre, id_departamento) values ( 20013,'AGUSTIN CODAZZI',20);
INSERT INTO ciudades(id_ciudad, nombre, id_departamento) values ( 20032,'ASTREA',20);
INSERT INTO ciudades(id_ciudad, nombre, id_departamento) values ( 20045,'BECERRIL',20);
INSERT INTO ciudades(id_ciudad, nombre, id_departamento) values ( 20060,'BOSCONIA',20);
INSERT INTO ciudades(id_ciudad, nombre, id_departamento) values ( 20175,'CHIMICHAGUA',20);
INSERT INTO ciudades(id_ciudad, nombre, id_departamento) values ( 20178,'CHIRIGUANA',20);
INSERT INTO ciudades(id_ciudad, nombre, id_departamento) values ( 20228,'CURUMANI',20);
INSERT INTO ciudades(id_ciudad, nombre, id_departamento) values ( 20238,'EL COPEY',20);
INSERT INTO ciudades(id_ciudad, nombre, id_departamento) values ( 20250,'EL PASO',20);
INSERT INTO ciudades(id_ciudad, nombre, id_departamento) values ( 20295,'GAMARRA',20);
INSERT INTO ciudades(id_ciudad, nombre, id_departamento) values ( 20310,'GONZALEZ',20);
INSERT INTO ciudades(id_ciudad, nombre, id_departamento) values ( 20383,'LA GLORIA',20);
INSERT INTO ciudades(id_ciudad, nombre, id_departamento) values ( 20400,'LA JAGUA DE IBIRICO',20);
INSERT INTO ciudades(id_ciudad, nombre, id_departamento) values ( 20443,'MANAURE BALCON DEL CESAR',20);
INSERT INTO ciudades(id_ciudad, nombre, id_departamento) values ( 20517,'PAILITAS',20);
INSERT INTO ciudades(id_ciudad, nombre, id_departamento) values ( 20550,'PELAYA',20);
INSERT INTO ciudades(id_ciudad, nombre, id_departamento) values ( 20614,'RIO DE ORO',20);
INSERT INTO ciudades(id_ciudad, nombre, id_departamento) values ( 20621,'LA PAZ',20);
INSERT INTO ciudades(id_ciudad, nombre, id_departamento) values ( 20710,'SAN ALBERTO',20);
INSERT INTO ciudades(id_ciudad, nombre, id_departamento) values ( 20750,'SAN DIEGO',20);
INSERT INTO ciudades(id_ciudad, nombre, id_departamento) values ( 20770,'SAN MARTIN',20);
INSERT INTO ciudades(id_ciudad, nombre, id_departamento) values ( 20787,'TAMALAMEQUE',20);
INSERT INTO ciudades(id_ciudad, nombre, id_departamento) values ( 23001,'MONTERIA',23);
INSERT INTO ciudades(id_ciudad, nombre, id_departamento) values ( 23068,'AYAPEL',23);
INSERT INTO ciudades(id_ciudad, nombre, id_departamento) values ( 23079,'BUENAVISTA',23);
INSERT INTO ciudades(id_ciudad, nombre, id_departamento) values ( 23090,'CANALETE',23);
INSERT INTO ciudades(id_ciudad, nombre, id_departamento) values ( 23162,'CERETE',23);
INSERT INTO ciudades(id_ciudad, nombre, id_departamento) values ( 23168,'CHIMA',23);
INSERT INTO ciudades(id_ciudad, nombre, id_departamento) values ( 23182,'CHINU',23);
INSERT INTO ciudades(id_ciudad, nombre, id_departamento) values ( 23189,'CIENAGA DE ORO',23);
INSERT INTO ciudades(id_ciudad, nombre, id_departamento) values ( 23300,'COTORRA',23);
INSERT INTO ciudades(id_ciudad, nombre, id_departamento) values ( 23350,'LA APARTADA',23);
INSERT INTO ciudades(id_ciudad, nombre, id_departamento) values ( 23417,'LORICA',23);
INSERT INTO ciudades(id_ciudad, nombre, id_departamento) values ( 23419,'LOS CORDOBAS',23);
INSERT INTO ciudades(id_ciudad, nombre, id_departamento) values ( 23464,'MOMIL',23);
INSERT INTO ciudades(id_ciudad, nombre, id_departamento) values ( 23466,'MONTELIBANO',23);
INSERT INTO ciudades(id_ciudad, nombre, id_departamento) values ( 23500,'MO?ITOS',23);
INSERT INTO ciudades(id_ciudad, nombre, id_departamento) values ( 23555,'PLANETA RICA',23);
INSERT INTO ciudades(id_ciudad, nombre, id_departamento) values ( 23570,'PUEBLO NUEVO',23);
INSERT INTO ciudades(id_ciudad, nombre, id_departamento) values ( 23574,'PUERTO ESCONDIDO',23);
INSERT INTO ciudades(id_ciudad, nombre, id_departamento) values ( 23580,'PUERTO LIBERTADOR',23);
INSERT INTO ciudades(id_ciudad, nombre, id_departamento) values ( 23586,'PURISIMA',23);
INSERT INTO ciudades(id_ciudad, nombre, id_departamento) values ( 23660,'SAHAGUN',23);
INSERT INTO ciudades(id_ciudad, nombre, id_departamento) values ( 23670,'SAN ANDRES DE SOTAVENTO',23);
INSERT INTO ciudades(id_ciudad, nombre, id_departamento) values ( 23672,'SAN ANTERO',23);
INSERT INTO ciudades(id_ciudad, nombre, id_departamento) values ( 23675,'SAN BERNARDO DEL VIENTO',23);
INSERT INTO ciudades(id_ciudad, nombre, id_departamento) values ( 23678,'SAN CARLOS',23);
INSERT INTO ciudades(id_ciudad, nombre, id_departamento) values ( 23686,'SAN PELAYO',23);
INSERT INTO ciudades(id_ciudad, nombre, id_departamento) values ( 23807,'TIERRALTA',23);
INSERT INTO ciudades(id_ciudad, nombre, id_departamento) values ( 23855,'VALENCIA',23);
INSERT INTO ciudades(id_ciudad, nombre, id_departamento) values ( 25001,'AGUA DE DIOS',25);
INSERT INTO ciudades(id_ciudad, nombre, id_departamento) values ( 25019,'ALBAN',25);
INSERT INTO ciudades(id_ciudad, nombre, id_departamento) values ( 25035,'ANAPOIMA',25);
INSERT INTO ciudades(id_ciudad, nombre, id_departamento) values ( 25040,'ANOLAIMA',25);
INSERT INTO ciudades(id_ciudad, nombre, id_departamento) values ( 25053,'ARBELAEZ',25);
INSERT INTO ciudades(id_ciudad, nombre, id_departamento) values ( 25086,'BELTRAN',25);
INSERT INTO ciudades(id_ciudad, nombre, id_departamento) values ( 25095,'BITUIMA',25);
INSERT INTO ciudades(id_ciudad, nombre, id_departamento) values ( 25099,'BOJACA',25);
INSERT INTO ciudades(id_ciudad, nombre, id_departamento) values ( 25120,'CABRERA',25);
INSERT INTO ciudades(id_ciudad, nombre, id_departamento) values ( 25123,'CACHIPAY',25);
INSERT INTO ciudades(id_ciudad, nombre, id_departamento) values ( 25126,'CAJICA',25);
INSERT INTO ciudades(id_ciudad, nombre, id_departamento) values ( 25148,'CAPARRAPI',25);
INSERT INTO ciudades(id_ciudad, nombre, id_departamento) values ( 25151,'CAQUEZA',25);
INSERT INTO ciudades(id_ciudad, nombre, id_departamento) values ( 25154,'CARMEN DE CARUPA',25);
INSERT INTO ciudades(id_ciudad, nombre, id_departamento) values ( 25168,'CHAGUANI',25);
INSERT INTO ciudades(id_ciudad, nombre, id_departamento) values ( 25175,'CHIA',25);
INSERT INTO ciudades(id_ciudad, nombre, id_departamento) values ( 25178,'CHIPAQUE',25);
INSERT INTO ciudades(id_ciudad, nombre, id_departamento) values ( 25181,'CHOACHI',25);
INSERT INTO ciudades(id_ciudad, nombre, id_departamento) values ( 25183,'CHOCONTA',25);
INSERT INTO ciudades(id_ciudad, nombre, id_departamento) values ( 25200,'COGUA',25);
INSERT INTO ciudades(id_ciudad, nombre, id_departamento) values ( 25214,'COTA',25);
INSERT INTO ciudades(id_ciudad, nombre, id_departamento) values ( 25224,'CUCUNUBA',25);
INSERT INTO ciudades(id_ciudad, nombre, id_departamento) values ( 25245,'EL COLEGIO',25);
INSERT INTO ciudades(id_ciudad, nombre, id_departamento) values ( 25258,'EL PE?ON',25);
INSERT INTO ciudades(id_ciudad, nombre, id_departamento) values ( 25260,'EL ROSAL',25);
INSERT INTO ciudades(id_ciudad, nombre, id_departamento) values ( 25269,'FACATATIVA',25);
INSERT INTO ciudades(id_ciudad, nombre, id_departamento) values ( 25279,'FOMEQUE',25);
INSERT INTO ciudades(id_ciudad, nombre, id_departamento) values ( 25281,'FOSCA',25);
INSERT INTO ciudades(id_ciudad, nombre, id_departamento) values ( 25286,'FUNZA',25);
INSERT INTO ciudades(id_ciudad, nombre, id_departamento) values ( 25288,'FUQUENE',25);
INSERT INTO ciudades(id_ciudad, nombre, id_departamento) values ( 25290,'FUSAGASUGA',25);
INSERT INTO ciudades(id_ciudad, nombre, id_departamento) values ( 25293,'GACHALA',25);
INSERT INTO ciudades(id_ciudad, nombre, id_departamento) values ( 25295,'GACHANCIPA',25);
INSERT INTO ciudades(id_ciudad, nombre, id_departamento) values ( 25297,'GACHETA',25);
INSERT INTO ciudades(id_ciudad, nombre, id_departamento) values ( 25299,'GAMA',25);
INSERT INTO ciudades(id_ciudad, nombre, id_departamento) values ( 25307,'GIRARDOT',25);
INSERT INTO ciudades(id_ciudad, nombre, id_departamento) values ( 25312,'GRANADA',25);
INSERT INTO ciudades(id_ciudad, nombre, id_departamento) values ( 25317,'GUACHETA',25);
INSERT INTO ciudades(id_ciudad, nombre, id_departamento) values ( 25320,'GUADUAS',25);
INSERT INTO ciudades(id_ciudad, nombre, id_departamento) values ( 25322,'GUASCA',25);
INSERT INTO ciudades(id_ciudad, nombre, id_departamento) values ( 25324,'GUATAQUI',25);
INSERT INTO ciudades(id_ciudad, nombre, id_departamento) values ( 25326,'GUATAVITA',25);
INSERT INTO ciudades(id_ciudad, nombre, id_departamento) values ( 25328,'GUAYABAL DE SIQUIMA',25);
INSERT INTO ciudades(id_ciudad, nombre, id_departamento) values ( 25335,'GUAYABETAL',25);
INSERT INTO ciudades(id_ciudad, nombre, id_departamento) values ( 25339,'GUTIERREZ',25);
INSERT INTO ciudades(id_ciudad, nombre, id_departamento) values ( 25368,'JERUSALEN',25);
INSERT INTO ciudades(id_ciudad, nombre, id_departamento) values ( 25372,'JUNIN',25);
INSERT INTO ciudades(id_ciudad, nombre, id_departamento) values ( 25377,'LA CALERA',25);
INSERT INTO ciudades(id_ciudad, nombre, id_departamento) values ( 25386,'LA MESA',25);
INSERT INTO ciudades(id_ciudad, nombre, id_departamento) values ( 25394,'LA PALMA',25);
INSERT INTO ciudades(id_ciudad, nombre, id_departamento) values ( 25398,'LA PEYA',25);
INSERT INTO ciudades(id_ciudad, nombre, id_departamento) values ( 25402,'LA VEGA',25);
INSERT INTO ciudades(id_ciudad, nombre, id_departamento) values ( 25407,'LENGUAZAQUE',25);
INSERT INTO ciudades(id_ciudad, nombre, id_departamento) values ( 25426,'MACHETA',25);
INSERT INTO ciudades(id_ciudad, nombre, id_departamento) values ( 25430,'MADRID',25);
INSERT INTO ciudades(id_ciudad, nombre, id_departamento) values ( 25436,'MANTA',25);
INSERT INTO ciudades(id_ciudad, nombre, id_departamento) values ( 25438,'MEDINA',25);
INSERT INTO ciudades(id_ciudad, nombre, id_departamento) values ( 25473,'MOSQUERA',25);
INSERT INTO ciudades(id_ciudad, nombre, id_departamento) values ( 25483,'NARIO',25);
INSERT INTO ciudades(id_ciudad, nombre, id_departamento) values ( 25486,'NEMOCON',25);
INSERT INTO ciudades(id_ciudad, nombre, id_departamento) values ( 25488,'NILO',25);
INSERT INTO ciudades(id_ciudad, nombre, id_departamento) values ( 25489,'NIMAIMA',25);
INSERT INTO ciudades(id_ciudad, nombre, id_departamento) values ( 25491,'NOCAIMA',25);
INSERT INTO ciudades(id_ciudad, nombre, id_departamento) values ( 25506,'VENECIA',25);
INSERT INTO ciudades(id_ciudad, nombre, id_departamento) values ( 25513,'PACHO',25);
INSERT INTO ciudades(id_ciudad, nombre, id_departamento) values ( 25518,'PAIME',25);
INSERT INTO ciudades(id_ciudad, nombre, id_departamento) values ( 25524,'PANDI',25);
INSERT INTO ciudades(id_ciudad, nombre, id_departamento) values ( 25530,'PARATEBUENO',25);
INSERT INTO ciudades(id_ciudad, nombre, id_departamento) values ( 25535,'PASCA',25);
INSERT INTO ciudades(id_ciudad, nombre, id_departamento) values ( 25572,'PUERTO SALGAR',25);
INSERT INTO ciudades(id_ciudad, nombre, id_departamento) values ( 25580,'PULI',25);
INSERT INTO ciudades(id_ciudad, nombre, id_departamento) values ( 25592,'QUEBRADANEGRA',25);
INSERT INTO ciudades(id_ciudad, nombre, id_departamento) values ( 25594,'QUETAME',25);
INSERT INTO ciudades(id_ciudad, nombre, id_departamento) values ( 25596,'QUIPILE',25);
INSERT INTO ciudades(id_ciudad, nombre, id_departamento) values ( 25599,'APULO',25);
INSERT INTO ciudades(id_ciudad, nombre, id_departamento) values ( 25612,'RICAURTE',25);
INSERT INTO ciudades(id_ciudad, nombre, id_departamento) values ( 25645,'SAN ANTONIO DEL TEQUENDAMA',25);
INSERT INTO ciudades(id_ciudad, nombre, id_departamento) values ( 25649,'SAN BERNARDO',25);
INSERT INTO ciudades(id_ciudad, nombre, id_departamento) values ( 25653,'SAN CAYETANO',25);
INSERT INTO ciudades(id_ciudad, nombre, id_departamento) values ( 25658,'SAN FRANCISCO',25);
INSERT INTO ciudades(id_ciudad, nombre, id_departamento) values ( 25662,'SAN JUAN DE RIOSECO',25);
INSERT INTO ciudades(id_ciudad, nombre, id_departamento) values ( 25718,'SASAIMA',25);
INSERT INTO ciudades(id_ciudad, nombre, id_departamento) values ( 25736,'SESQUILE',25);
INSERT INTO ciudades(id_ciudad, nombre, id_departamento) values ( 25740,'SIBATE',25);
INSERT INTO ciudades(id_ciudad, nombre, id_departamento) values ( 25743,'SILVANIA',25);
INSERT INTO ciudades(id_ciudad, nombre, id_departamento) values ( 25745,'SIMIJACA',25);
INSERT INTO ciudades(id_ciudad, nombre, id_departamento) values ( 25754,'SOACHA',25);
INSERT INTO ciudades(id_ciudad, nombre, id_departamento) values ( 25758,'SOPO',25);
INSERT INTO ciudades(id_ciudad, nombre, id_departamento) values ( 25769,'SUBACHOQUE',25);
INSERT INTO ciudades(id_ciudad, nombre, id_departamento) values ( 25772,'SUESCA',25);
INSERT INTO ciudades(id_ciudad, nombre, id_departamento) values ( 25777,'SUPATA',25);
INSERT INTO ciudades(id_ciudad, nombre, id_departamento) values ( 25779,'SUSA',25);
INSERT INTO ciudades(id_ciudad, nombre, id_departamento) values ( 25781,'SUTATAUSA',25);
INSERT INTO ciudades(id_ciudad, nombre, id_departamento) values ( 25785,'TABIO',25);
INSERT INTO ciudades(id_ciudad, nombre, id_departamento) values ( 25793,'TAUSA',25);
INSERT INTO ciudades(id_ciudad, nombre, id_departamento) values ( 25797,'TENA',25);
INSERT INTO ciudades(id_ciudad, nombre, id_departamento) values ( 25799,'TENJO',25);
INSERT INTO ciudades(id_ciudad, nombre, id_departamento) values ( 25805,'TIBACUY',25);
INSERT INTO ciudades(id_ciudad, nombre, id_departamento) values ( 25807,'TIBIRITA',25);
INSERT INTO ciudades(id_ciudad, nombre, id_departamento) values ( 25815,'TOCAIMA',25);
INSERT INTO ciudades(id_ciudad, nombre, id_departamento) values ( 25817,'TOCANCIPA',25);
INSERT INTO ciudades(id_ciudad, nombre, id_departamento) values ( 25823,'TOPAIPI',25);
INSERT INTO ciudades(id_ciudad, nombre, id_departamento) values ( 25839,'UBALA',25);
INSERT INTO ciudades(id_ciudad, nombre, id_departamento) values ( 25841,'UBAQUE',25);
INSERT INTO ciudades(id_ciudad, nombre, id_departamento) values ( 25843,'UBATE',25);
INSERT INTO ciudades(id_ciudad, nombre, id_departamento) values ( 25845,'UNE',25);
INSERT INTO ciudades(id_ciudad, nombre, id_departamento) values ( 25851,'UTICA',25);
INSERT INTO ciudades(id_ciudad, nombre, id_departamento) values ( 25862,'VERGARA',25);
INSERT INTO ciudades(id_ciudad, nombre, id_departamento) values ( 25867,'VIANI',25);
INSERT INTO ciudades(id_ciudad, nombre, id_departamento) values ( 25871,'VILLAGOMEZ',25);
INSERT INTO ciudades(id_ciudad, nombre, id_departamento) values ( 25873,'VILLAPINZON',25);
INSERT INTO ciudades(id_ciudad, nombre, id_departamento) values ( 25875,'VILLETA',25);
INSERT INTO ciudades(id_ciudad, nombre, id_departamento) values ( 25878,'VIOTA',25);
INSERT INTO ciudades(id_ciudad, nombre, id_departamento) values ( 25885,'YACOPI',25);
INSERT INTO ciudades(id_ciudad, nombre, id_departamento) values ( 25890,'ULALA',25);
INSERT INTO ciudades(id_ciudad, nombre, id_departamento) values ( 25898,'ZIPACON',25);
INSERT INTO ciudades(id_ciudad, nombre, id_departamento) values ( 25899,'ZIPAQUIRA',25);
INSERT INTO ciudades(id_ciudad, nombre, id_departamento) values ( 27001,'QUIBDO',27);
INSERT INTO ciudades(id_ciudad, nombre, id_departamento) values ( 27006,'ACANDI',27);
INSERT INTO ciudades(id_ciudad, nombre, id_departamento) values ( 27025,'ALTO BAUDO (PIE DE PATO)',27);
INSERT INTO ciudades(id_ciudad, nombre, id_departamento) values ( 27050,'ATRATO (CHOCO)',27);
INSERT INTO ciudades(id_ciudad, nombre, id_departamento) values ( 27073,'BAGADO',27);
INSERT INTO ciudades(id_ciudad, nombre, id_departamento) values ( 27075,'BAHIA SOLANO (MUTIS)',27);
INSERT INTO ciudades(id_ciudad, nombre, id_departamento) values ( 27077,'BAJO BAUDO (PIZARRO)',27);
INSERT INTO ciudades(id_ciudad, nombre, id_departamento) values ( 27086,'BLEN DE BAJIRA (CHOCO)',27);
INSERT INTO ciudades(id_ciudad, nombre, id_departamento) values ( 27099,'BOJAYA (BELLAVISTA)',27);
INSERT INTO ciudades(id_ciudad, nombre, id_departamento) values ( 27135,'EL CANTON DE SAN PABLO (MANAGRU)',27);
INSERT INTO ciudades(id_ciudad, nombre, id_departamento) values ( 27150,'CARMEN DEL DARIEN (CHOCO)',27);
INSERT INTO ciudades(id_ciudad, nombre, id_departamento) values ( 27205,'CONDOTO',27);
INSERT INTO ciudades(id_ciudad, nombre, id_departamento) values ( 27245,'EL CARMEN DE ATRATO',27);
INSERT INTO ciudades(id_ciudad, nombre, id_departamento) values ( 27250,'EL LITORAL DEL SAN JUAN (DOCORDO)',27);
INSERT INTO ciudades(id_ciudad, nombre, id_departamento) values ( 27361,'ISTMINA',27);
INSERT INTO ciudades(id_ciudad, nombre, id_departamento) values ( 27372,'JURADO',27);
INSERT INTO ciudades(id_ciudad, nombre, id_departamento) values ( 27413,'LLORO',27);
INSERT INTO ciudades(id_ciudad, nombre, id_departamento) values ( 27491,'NOVITA',27);
INSERT INTO ciudades(id_ciudad, nombre, id_departamento) values ( 27495,'NUQUI',27);
INSERT INTO ciudades(id_ciudad, nombre, id_departamento) values ( 27580,'RIO IRO (CHOCO)',27);
INSERT INTO ciudades(id_ciudad, nombre, id_departamento) values ( 27615,'RIOSUCIO',27);
INSERT INTO ciudades(id_ciudad, nombre, id_departamento) values ( 27660,'SAN JOSE DEL PALMAR',27);
INSERT INTO ciudades(id_ciudad, nombre, id_departamento) values ( 27745,'SIPI',27);
INSERT INTO ciudades(id_ciudad, nombre, id_departamento) values ( 27787,'TADO',27);
INSERT INTO ciudades(id_ciudad, nombre, id_departamento) values ( 27800,'UNGUIA',27);
INSERT INTO ciudades(id_ciudad, nombre, id_departamento) values ( 41001,'NEIVA',41);
INSERT INTO ciudades(id_ciudad, nombre, id_departamento) values ( 41006,'ACEVEDO',41);
INSERT INTO ciudades(id_ciudad, nombre, id_departamento) values ( 41013,'AGRADO',41);
INSERT INTO ciudades(id_ciudad, nombre, id_departamento) values ( 41016,'AIPE',41);
INSERT INTO ciudades(id_ciudad, nombre, id_departamento) values ( 41020,'ALGECIRAS',41);
INSERT INTO ciudades(id_ciudad, nombre, id_departamento) values ( 41026,'ALTAMIRA',41);
INSERT INTO ciudades(id_ciudad, nombre, id_departamento) values ( 41078,'BARAYA',41);
INSERT INTO ciudades(id_ciudad, nombre, id_departamento) values ( 41132,'CAMPOALEGRE',41);
INSERT INTO ciudades(id_ciudad, nombre, id_departamento) values ( 41206,'COLOMBIA',41);
INSERT INTO ciudades(id_ciudad, nombre, id_departamento) values ( 41244,'ELIAS',41);
INSERT INTO ciudades(id_ciudad, nombre, id_departamento) values ( 41298,'GARZON',41);
INSERT INTO ciudades(id_ciudad, nombre, id_departamento) values ( 41306,'GIGANTE',41);
INSERT INTO ciudades(id_ciudad, nombre, id_departamento) values ( 41319,'GUADALUPE',41);
INSERT INTO ciudades(id_ciudad, nombre, id_departamento) values ( 41349,'HOBO',41);
INSERT INTO ciudades(id_ciudad, nombre, id_departamento) values ( 41357,'IQUIRA',41);
INSERT INTO ciudades(id_ciudad, nombre, id_departamento) values ( 41359,'ISNOS',41);
INSERT INTO ciudades(id_ciudad, nombre, id_departamento) values ( 41378,'LA ARGENTINA',41);
INSERT INTO ciudades(id_ciudad, nombre, id_departamento) values ( 41396,'LA PLATA',41);
INSERT INTO ciudades(id_ciudad, nombre, id_departamento) values ( 41483,'NATAGA',41);
INSERT INTO ciudades(id_ciudad, nombre, id_departamento) values ( 41503,'OPORAPA',41);
INSERT INTO ciudades(id_ciudad, nombre, id_departamento) values ( 41518,'PAICOL',41);
INSERT INTO ciudades(id_ciudad, nombre, id_departamento) values ( 41524,'PALERMO',41);
INSERT INTO ciudades(id_ciudad, nombre, id_departamento) values ( 41530,'PALESTINA',41);
INSERT INTO ciudades(id_ciudad, nombre, id_departamento) values ( 41548,'PITAL',41);
INSERT INTO ciudades(id_ciudad, nombre, id_departamento) values ( 41551,'PITALITO',41);
INSERT INTO ciudades(id_ciudad, nombre, id_departamento) values ( 41615,'RIVERA',41);
INSERT INTO ciudades(id_ciudad, nombre, id_departamento) values ( 41660,'SALADOBLANCO',41);
INSERT INTO ciudades(id_ciudad, nombre, id_departamento) values ( 41668,'SAN AGUSTIN',41);
INSERT INTO ciudades(id_ciudad, nombre, id_departamento) values ( 41676,'SANTA MARIA',41);
INSERT INTO ciudades(id_ciudad, nombre, id_departamento) values ( 41770,'SUAZA',41);
INSERT INTO ciudades(id_ciudad, nombre, id_departamento) values ( 41791,'TARQUI',41);
INSERT INTO ciudades(id_ciudad, nombre, id_departamento) values ( 41797,'TESALIA',41);
INSERT INTO ciudades(id_ciudad, nombre, id_departamento) values ( 41799,'TELLO',41);
INSERT INTO ciudades(id_ciudad, nombre, id_departamento) values ( 41801,'TERUEL',41);
INSERT INTO ciudades(id_ciudad, nombre, id_departamento) values ( 41807,'TIMANA',41);
INSERT INTO ciudades(id_ciudad, nombre, id_departamento) values ( 41872,'VILLAVIEJA',41);
INSERT INTO ciudades(id_ciudad, nombre, id_departamento) values ( 41885,'YAGUARA',41);
INSERT INTO ciudades(id_ciudad, nombre, id_departamento) values ( 44001,'RIOHACHA',44);
INSERT INTO ciudades(id_ciudad, nombre, id_departamento) values ( 44035,'ALBANIA (GUAJIRA)',44);
INSERT INTO ciudades(id_ciudad, nombre, id_departamento) values ( 44078,'BARRANCAS',44);
INSERT INTO ciudades(id_ciudad, nombre, id_departamento) values ( 44090,'DIBULLA',44);
INSERT INTO ciudades(id_ciudad, nombre, id_departamento) values ( 44098,'DISTRACCION',44);
INSERT INTO ciudades(id_ciudad, nombre, id_departamento) values ( 44110,'EL MOLINO',44);
INSERT INTO ciudades(id_ciudad, nombre, id_departamento) values ( 44279,'FONSECA',44);
INSERT INTO ciudades(id_ciudad, nombre, id_departamento) values ( 44378,'HATO NUEVO',44);
INSERT INTO ciudades(id_ciudad, nombre, id_departamento) values ( 44430,'MAICAO',44);
INSERT INTO ciudades(id_ciudad, nombre, id_departamento) values ( 44560,'MANAURE',44);
INSERT INTO ciudades(id_ciudad, nombre, id_departamento) values ( 44650,'SAN JUAN DEL CESAR',44);
INSERT INTO ciudades(id_ciudad, nombre, id_departamento) values ( 44847,'URIBIA',44);
INSERT INTO ciudades(id_ciudad, nombre, id_departamento) values ( 44855,'URUMITA',44);
INSERT INTO ciudades(id_ciudad, nombre, id_departamento) values ( 44874,'VILLANUEVA',44);
INSERT INTO ciudades(id_ciudad, nombre, id_departamento) values ( 47001,'SANTA MARTA',47);
INSERT INTO ciudades(id_ciudad, nombre, id_departamento) values ( 47030,'ALGARROBO (MAGDALENA)',47);
INSERT INTO ciudades(id_ciudad, nombre, id_departamento) values ( 47053,'ARACATACA',47);
INSERT INTO ciudades(id_ciudad, nombre, id_departamento) values ( 47058,'ARIGUANI (EL DIFICIL)',47);
INSERT INTO ciudades(id_ciudad, nombre, id_departamento) values ( 47161,'CERRO DE SAN ANTONIO',47);
INSERT INTO ciudades(id_ciudad, nombre, id_departamento) values ( 47170,'CHIVOLO',47);
INSERT INTO ciudades(id_ciudad, nombre, id_departamento) values ( 47189,'CIENAGA',47);
INSERT INTO ciudades(id_ciudad, nombre, id_departamento) values ( 47245,'EL BANCO',47);
INSERT INTO ciudades(id_ciudad, nombre, id_departamento) values ( 47258,'EL PINON',47);
INSERT INTO ciudades(id_ciudad, nombre, id_departamento) values ( 47268,'EL RETEN',47);
INSERT INTO ciudades(id_ciudad, nombre, id_departamento) values ( 47288,'FUNDACION',47);
INSERT INTO ciudades(id_ciudad, nombre, id_departamento) values ( 47318,'GUAMAL',47);
INSERT INTO ciudades(id_ciudad, nombre, id_departamento) values ( 47460,'NUEVA GRANADA (MAGDALENA)',47);
INSERT INTO ciudades(id_ciudad, nombre, id_departamento) values ( 47541,'PEDRAZA',47);
INSERT INTO ciudades(id_ciudad, nombre, id_departamento) values ( 47545,'PIJINO DEL CARMEN',47);
INSERT INTO ciudades(id_ciudad, nombre, id_departamento) values ( 47551,'PIVIJAY',47);
INSERT INTO ciudades(id_ciudad, nombre, id_departamento) values ( 47555,'PLATO',47);
INSERT INTO ciudades(id_ciudad, nombre, id_departamento) values ( 47570,'PUEBLOVIEJO',47);
INSERT INTO ciudades(id_ciudad, nombre, id_departamento) values ( 47605,'REMOLINO',47);
INSERT INTO ciudades(id_ciudad, nombre, id_departamento) values ( 47675,'SALAMINA',47);
INSERT INTO ciudades(id_ciudad, nombre, id_departamento) values ( 47692,'SAN SEBASTIAN DE BUENAVISTA',47);
INSERT INTO ciudades(id_ciudad, nombre, id_departamento) values ( 47703,'SAN ZENON',47);
INSERT INTO ciudades(id_ciudad, nombre, id_departamento) values ( 47707,'SANTA ANA',47);
INSERT INTO ciudades(id_ciudad, nombre, id_departamento) values ( 47745,'SITIONUEVO',47);
INSERT INTO ciudades(id_ciudad, nombre, id_departamento) values ( 47798,'TENERIFE',47);
INSERT INTO ciudades(id_ciudad, nombre, id_departamento) values ( 47980,'ZONA BANANERA (MAGDALENA)',47);
INSERT INTO ciudades(id_ciudad, nombre, id_departamento) values ( 50001,'VILLAVICENCIO',50);
INSERT INTO ciudades(id_ciudad, nombre, id_departamento) values ( 50006,'ACACIAS',50);
INSERT INTO ciudades(id_ciudad, nombre, id_departamento) values ( 50110,'BARRANCA DE UPIA',50);
INSERT INTO ciudades(id_ciudad, nombre, id_departamento) values ( 50124,'CABUYARO',50);
INSERT INTO ciudades(id_ciudad, nombre, id_departamento) values ( 50150,'CASTILLA LA NUEVA',50);
INSERT INTO ciudades(id_ciudad, nombre, id_departamento) values ( 50223,'CUBARRAL',50);
INSERT INTO ciudades(id_ciudad, nombre, id_departamento) values ( 50226,'CUMARAL',50);
INSERT INTO ciudades(id_ciudad, nombre, id_departamento) values ( 50245,'EL CALVARIO',50);
INSERT INTO ciudades(id_ciudad, nombre, id_departamento) values ( 50251,'EL CASTILLO',50);
INSERT INTO ciudades(id_ciudad, nombre, id_departamento) values ( 50270,'EL DORADO',50);
INSERT INTO ciudades(id_ciudad, nombre, id_departamento) values ( 50287,'FUENTE DE ORO',50);
INSERT INTO ciudades(id_ciudad, nombre, id_departamento) values ( 50313,'GRANADA',50);
INSERT INTO ciudades(id_ciudad, nombre, id_departamento) values ( 50318,'GUAMAL',50);
INSERT INTO ciudades(id_ciudad, nombre, id_departamento) values ( 50325,'MAPIRIPAN',50);
INSERT INTO ciudades(id_ciudad, nombre, id_departamento) values ( 50330,'MESETAS',50);
INSERT INTO ciudades(id_ciudad, nombre, id_departamento) values ( 50350,'LA MACARENA',50);
INSERT INTO ciudades(id_ciudad, nombre, id_departamento) values ( 50370,'URIBE',50);
INSERT INTO ciudades(id_ciudad, nombre, id_departamento) values ( 50400,'LEJANIAS',50);
INSERT INTO ciudades(id_ciudad, nombre, id_departamento) values ( 50450,'PUERTO CONCORDIA',50);
INSERT INTO ciudades(id_ciudad, nombre, id_departamento) values ( 50568,'PUERTO GAITAN',50);
INSERT INTO ciudades(id_ciudad, nombre, id_departamento) values ( 50573,'PUERTO LOPEZ',50);
INSERT INTO ciudades(id_ciudad, nombre, id_departamento) values ( 50577,'PUERTO LLERAS',50);
INSERT INTO ciudades(id_ciudad, nombre, id_departamento) values ( 50590,'PUERTO RICO',50);
INSERT INTO ciudades(id_ciudad, nombre, id_departamento) values ( 50606,'RESTREPO',50);
INSERT INTO ciudades(id_ciudad, nombre, id_departamento) values ( 50680,'SAN CARLOS DE GUAROA',50);
INSERT INTO ciudades(id_ciudad, nombre, id_departamento) values ( 50683,'SAN JUAN DE ARAMA',50);
INSERT INTO ciudades(id_ciudad, nombre, id_departamento) values ( 50686,'SAN JUANITO',50);
INSERT INTO ciudades(id_ciudad, nombre, id_departamento) values ( 50689,'SAN MARTIN',50);
INSERT INTO ciudades(id_ciudad, nombre, id_departamento) values ( 50711,'VISTAHERMOSA',50);
INSERT INTO ciudades(id_ciudad, nombre, id_departamento) values ( 52001,'PASTO',52);
INSERT INTO ciudades(id_ciudad, nombre, id_departamento) values ( 52019,'ALBAN (SAN JOSE)',52);
INSERT INTO ciudades(id_ciudad, nombre, id_departamento) values ( 52022,'ALDANA',52);
INSERT INTO ciudades(id_ciudad, nombre, id_departamento) values ( 52036,'ANCUYA',52);
INSERT INTO ciudades(id_ciudad, nombre, id_departamento) values ( 52051,'ARBOLEDA (BERRUECOS)',52);
INSERT INTO ciudades(id_ciudad, nombre, id_departamento) values ( 52079,'BARBACOAS',52);
INSERT INTO ciudades(id_ciudad, nombre, id_departamento) values ( 52083,'BELEN',52);
INSERT INTO ciudades(id_ciudad, nombre, id_departamento) values ( 52110,'BUESACO',52);
INSERT INTO ciudades(id_ciudad, nombre, id_departamento) values ( 52203,'COLON (GENOVA)',52);
INSERT INTO ciudades(id_ciudad, nombre, id_departamento) values ( 52207,'CONSACA',52);
INSERT INTO ciudades(id_ciudad, nombre, id_departamento) values ( 52210,'CONTADERO',52);
INSERT INTO ciudades(id_ciudad, nombre, id_departamento) values ( 52215,'CORDOBA',52);
INSERT INTO ciudades(id_ciudad, nombre, id_departamento) values ( 52224,'CUASPUD (CARLOSAMA)',52);
INSERT INTO ciudades(id_ciudad, nombre, id_departamento) values ( 52227,'CUMBAL',52);
INSERT INTO ciudades(id_ciudad, nombre, id_departamento) values ( 52233,'CUMBITARA',52);
INSERT INTO ciudades(id_ciudad, nombre, id_departamento) values ( 52240,'CHACHAGUI',52);
INSERT INTO ciudades(id_ciudad, nombre, id_departamento) values ( 52250,'EL CHARCO',52);
INSERT INTO ciudades(id_ciudad, nombre, id_departamento) values ( 52256,'EL ROSARIO',52);
INSERT INTO ciudades(id_ciudad, nombre, id_departamento) values ( 52258,'EL TABLON DE GOMEZ',52);
INSERT INTO ciudades(id_ciudad, nombre, id_departamento) values ( 52260,'EL TAMBO',52);
INSERT INTO ciudades(id_ciudad, nombre, id_departamento) values ( 52287,'FUNES',52);
INSERT INTO ciudades(id_ciudad, nombre, id_departamento) values ( 52317,'GUACHUCAL',52);
INSERT INTO ciudades(id_ciudad, nombre, id_departamento) values ( 52320,'GUAITARILLA',52);
INSERT INTO ciudades(id_ciudad, nombre, id_departamento) values ( 52323,'GUALMATAN',52);
INSERT INTO ciudades(id_ciudad, nombre, id_departamento) values ( 52352,'ILES',52);
INSERT INTO ciudades(id_ciudad, nombre, id_departamento) values ( 52354,'IMUES',52);
INSERT INTO ciudades(id_ciudad, nombre, id_departamento) values ( 52356,'IPIALES',52);
INSERT INTO ciudades(id_ciudad, nombre, id_departamento) values ( 52378,'LA CRUZ',52);
INSERT INTO ciudades(id_ciudad, nombre, id_departamento) values ( 52381,'LA FLORIDA',52);
INSERT INTO ciudades(id_ciudad, nombre, id_departamento) values ( 52385,'LA LLANADA',52);
INSERT INTO ciudades(id_ciudad, nombre, id_departamento) values ( 52390,'LA TOLA',52);
INSERT INTO ciudades(id_ciudad, nombre, id_departamento) values ( 52399,'LA UNION',52);
INSERT INTO ciudades(id_ciudad, nombre, id_departamento) values ( 52405,'LEIVA',52);
INSERT INTO ciudades(id_ciudad, nombre, id_departamento) values ( 52411,'LINARES',52);
INSERT INTO ciudades(id_ciudad, nombre, id_departamento) values ( 52418,'LOS ANDES (SOTOMAYOR)',52);
INSERT INTO ciudades(id_ciudad, nombre, id_departamento) values ( 52427,'MAGUI (PAYAN)',52);
INSERT INTO ciudades(id_ciudad, nombre, id_departamento) values ( 52435,'MALLAMA (PIEDRANCHA)',52);
INSERT INTO ciudades(id_ciudad, nombre, id_departamento) values ( 52473,'MOSQUERA',52);
INSERT INTO ciudades(id_ciudad, nombre, id_departamento) values ( 52490,'OLAYA HERRERA (BOCAS DE SATINGA)',52);
INSERT INTO ciudades(id_ciudad, nombre, id_departamento) values ( 52506,'OSPINA',52);
INSERT INTO ciudades(id_ciudad, nombre, id_departamento) values ( 52520,'FRANCISCO PIZARRO',52);
INSERT INTO ciudades(id_ciudad, nombre, id_departamento) values ( 52540,'POLICARPA',52);
INSERT INTO ciudades(id_ciudad, nombre, id_departamento) values ( 52560,'POTOSI',52);
INSERT INTO ciudades(id_ciudad, nombre, id_departamento) values ( 52565,'PROVIDENCIA',52);
INSERT INTO ciudades(id_ciudad, nombre, id_departamento) values ( 52573,'PUERRES',52);
INSERT INTO ciudades(id_ciudad, nombre, id_departamento) values ( 52585,'PUPIALES',52);
INSERT INTO ciudades(id_ciudad, nombre, id_departamento) values ( 52612,'RICAURTE',52);
INSERT INTO ciudades(id_ciudad, nombre, id_departamento) values ( 52621,'ROBERTO PAYAN (SAN JOSE)',52);
INSERT INTO ciudades(id_ciudad, nombre, id_departamento) values ( 52678,'SAMANIEGO',52);
INSERT INTO ciudades(id_ciudad, nombre, id_departamento) values ( 52683,'SANDONA',52);
INSERT INTO ciudades(id_ciudad, nombre, id_departamento) values ( 52685,'SAN BERNARDO',52);
INSERT INTO ciudades(id_ciudad, nombre, id_departamento) values ( 52687,'SAN LORENZO',52);
INSERT INTO ciudades(id_ciudad, nombre, id_departamento) values ( 52693,'SAN PABLO',52);
INSERT INTO ciudades(id_ciudad, nombre, id_departamento) values ( 52694,'SAN PEDRO DE CARTAGO (CARTAGO)',52);
INSERT INTO ciudades(id_ciudad, nombre, id_departamento) values ( 52696,'SANTA BARBARA (ISCUANDE)',52);
INSERT INTO ciudades(id_ciudad, nombre, id_departamento) values ( 52699,'SANTA CRUZ (GUACHAVEZ)',52);
INSERT INTO ciudades(id_ciudad, nombre, id_departamento) values ( 52720,'SAPUYES',52);
INSERT INTO ciudades(id_ciudad, nombre, id_departamento) values ( 52786,'TAMINANGO',52);
INSERT INTO ciudades(id_ciudad, nombre, id_departamento) values ( 52788,'TANGUA',52);
INSERT INTO ciudades(id_ciudad, nombre, id_departamento) values ( 52835,'TUMACO',52);
INSERT INTO ciudades(id_ciudad, nombre, id_departamento) values ( 52838,'TUQUERRES',52);
INSERT INTO ciudades(id_ciudad, nombre, id_departamento) values ( 52885,'YACUANQUER',52);
INSERT INTO ciudades(id_ciudad, nombre, id_departamento) values ( 54001,'CUCUTA',54);
INSERT INTO ciudades(id_ciudad, nombre, id_departamento) values ( 54003,'ABREGO',54);
INSERT INTO ciudades(id_ciudad, nombre, id_departamento) values ( 54051,'ARBOLEDAS',54);
INSERT INTO ciudades(id_ciudad, nombre, id_departamento) values ( 54099,'BOCHALEMA',54);
INSERT INTO ciudades(id_ciudad, nombre, id_departamento) values ( 54109,'BUCARASICA',54);
INSERT INTO ciudades(id_ciudad, nombre, id_departamento) values ( 54125,'CACOTA',54);
INSERT INTO ciudades(id_ciudad, nombre, id_departamento) values ( 54128,'CACHIRA',54);
INSERT INTO ciudades(id_ciudad, nombre, id_departamento) values ( 54172,'CHINACOTA',54);
INSERT INTO ciudades(id_ciudad, nombre, id_departamento) values ( 54174,'CHITAGA',54);
INSERT INTO ciudades(id_ciudad, nombre, id_departamento) values ( 54206,'CONVENCION',54);
INSERT INTO ciudades(id_ciudad, nombre, id_departamento) values ( 54223,'CUCUTILLA',54);
INSERT INTO ciudades(id_ciudad, nombre, id_departamento) values ( 54239,'DURANIA',54);
INSERT INTO ciudades(id_ciudad, nombre, id_departamento) values ( 54245,'EL CARMEN',54);
INSERT INTO ciudades(id_ciudad, nombre, id_departamento) values ( 54250,'EL TARRA',54);
INSERT INTO ciudades(id_ciudad, nombre, id_departamento) values ( 54261,'EL ZULIA',54);
INSERT INTO ciudades(id_ciudad, nombre, id_departamento) values ( 54313,'GRAMALOTE',54);
INSERT INTO ciudades(id_ciudad, nombre, id_departamento) values ( 54344,'HACARI',54);
INSERT INTO ciudades(id_ciudad, nombre, id_departamento) values ( 54347,'HERRAN',54);
INSERT INTO ciudades(id_ciudad, nombre, id_departamento) values ( 54377,'LABATECA',54);
INSERT INTO ciudades(id_ciudad, nombre, id_departamento) values ( 54385,'LA ESPERANZA',54);
INSERT INTO ciudades(id_ciudad, nombre, id_departamento) values ( 54398,'LA PLAYA',54);
INSERT INTO ciudades(id_ciudad, nombre, id_departamento) values ( 54405,'LOS PATIOS',54);
INSERT INTO ciudades(id_ciudad, nombre, id_departamento) values ( 54418,'LOURDES',54);
INSERT INTO ciudades(id_ciudad, nombre, id_departamento) values ( 54480,'MUTISCUA',54);
INSERT INTO ciudades(id_ciudad, nombre, id_departamento) values ( 54498,'OCA?A',54);
INSERT INTO ciudades(id_ciudad, nombre, id_departamento) values ( 54518,'PAMPLONA',54);
INSERT INTO ciudades(id_ciudad, nombre, id_departamento) values ( 54520,'PAMPLONITA',54);
INSERT INTO ciudades(id_ciudad, nombre, id_departamento) values ( 54553,'PUERTO SANTANDER',54);
INSERT INTO ciudades(id_ciudad, nombre, id_departamento) values ( 54599,'RAGONVALIA',54);
INSERT INTO ciudades(id_ciudad, nombre, id_departamento) values ( 54660,'SALAZAR',54);
INSERT INTO ciudades(id_ciudad, nombre, id_departamento) values ( 54670,'SAN CALIXTO',54);
INSERT INTO ciudades(id_ciudad, nombre, id_departamento) values ( 54673,'SAN CAYETANO',54);
INSERT INTO ciudades(id_ciudad, nombre, id_departamento) values ( 54680,'SANTIAGO',54);
INSERT INTO ciudades(id_ciudad, nombre, id_departamento) values ( 54720,'SARDINATA',54);
INSERT INTO ciudades(id_ciudad, nombre, id_departamento) values ( 54743,'SILOS',54);
INSERT INTO ciudades(id_ciudad, nombre, id_departamento) values ( 54800,'TEORAMA',54);
INSERT INTO ciudades(id_ciudad, nombre, id_departamento) values ( 54810,'TIBU',54);
INSERT INTO ciudades(id_ciudad, nombre, id_departamento) values ( 54820,'TOLEDO',54);
INSERT INTO ciudades(id_ciudad, nombre, id_departamento) values ( 54871,'VILLACARO',54);
INSERT INTO ciudades(id_ciudad, nombre, id_departamento) values ( 54874,'VILLA DEL ROSARIO',54);
INSERT INTO ciudades(id_ciudad, nombre, id_departamento) values ( 63001,'ARMENIA',63);
INSERT INTO ciudades(id_ciudad, nombre, id_departamento) values ( 63111,'BUENAVISTA',63);
INSERT INTO ciudades(id_ciudad, nombre, id_departamento) values ( 63130,'CALARCA',63);
INSERT INTO ciudades(id_ciudad, nombre, id_departamento) values ( 63190,'CIRCASIA',63);
INSERT INTO ciudades(id_ciudad, nombre, id_departamento) values ( 63212,'CORDOBA',63);
INSERT INTO ciudades(id_ciudad, nombre, id_departamento) values ( 63272,'FILANDIA',63);
INSERT INTO ciudades(id_ciudad, nombre, id_departamento) values ( 63302,'GENOVA',63);
INSERT INTO ciudades(id_ciudad, nombre, id_departamento) values ( 63401,'LA TEBAIDA',63);
INSERT INTO ciudades(id_ciudad, nombre, id_departamento) values ( 63470,'MONTENEGRO',63);
INSERT INTO ciudades(id_ciudad, nombre, id_departamento) values ( 63548,'PIJAO',63);
INSERT INTO ciudades(id_ciudad, nombre, id_departamento) values ( 63594,'QUIMBAYA',63);
INSERT INTO ciudades(id_ciudad, nombre, id_departamento) values ( 63690,'SALENTO',63);
INSERT INTO ciudades(id_ciudad, nombre, id_departamento) values ( 65534,'ADUANAS ESPECIALES',11);
INSERT INTO ciudades(id_ciudad, nombre, id_departamento) values ( 65535,'AEROPUERTO EL DORADO',11);
INSERT INTO ciudades(id_ciudad, nombre, id_departamento) values ( 66001,'PEREIRA',66);
INSERT INTO ciudades(id_ciudad, nombre, id_departamento) values ( 66045,'APIA',66);
INSERT INTO ciudades(id_ciudad, nombre, id_departamento) values ( 66075,'BALBOA',66);
INSERT INTO ciudades(id_ciudad, nombre, id_departamento) values ( 66088,'BELEN DE UMBRIA',66);
INSERT INTO ciudades(id_ciudad, nombre, id_departamento) values ( 66170,'DOS QUEBRADAS',66);
INSERT INTO ciudades(id_ciudad, nombre, id_departamento) values ( 66318,'GUATICA',66);
INSERT INTO ciudades(id_ciudad, nombre, id_departamento) values ( 66383,'LA CELIA',66);
INSERT INTO ciudades(id_ciudad, nombre, id_departamento) values ( 66400,'LA VIRGINIA',66);
INSERT INTO ciudades(id_ciudad, nombre, id_departamento) values ( 66440,'MARSELLA',66);
INSERT INTO ciudades(id_ciudad, nombre, id_departamento) values ( 66456,'MISTRATO',66);
INSERT INTO ciudades(id_ciudad, nombre, id_departamento) values ( 66572,'PUEBLO RICO',66);
INSERT INTO ciudades(id_ciudad, nombre, id_departamento) values ( 66594,'QUINCHIA',66);
INSERT INTO ciudades(id_ciudad, nombre, id_departamento) values ( 66682,'SANTA ROSA DE CABAL',66);
INSERT INTO ciudades(id_ciudad, nombre, id_departamento) values ( 66687,'SANTUARIO',66);
INSERT INTO ciudades(id_ciudad, nombre, id_departamento) values ( 68001,'BUCARAMANGA',68);
INSERT INTO ciudades(id_ciudad, nombre, id_departamento) values ( 68013,'AGUADA',68);
INSERT INTO ciudades(id_ciudad, nombre, id_departamento) values ( 68020,'ALBANIA',68);
INSERT INTO ciudades(id_ciudad, nombre, id_departamento) values ( 68051,'ARATOCA',68);
INSERT INTO ciudades(id_ciudad, nombre, id_departamento) values ( 68077,'BARBOSA',68);
INSERT INTO ciudades(id_ciudad, nombre, id_departamento) values ( 68079,'BARICHARA',68);
INSERT INTO ciudades(id_ciudad, nombre, id_departamento) values ( 68081,'BARRANCABERMEJA',68);
INSERT INTO ciudades(id_ciudad, nombre, id_departamento) values ( 68092,'BETULIA',68);
INSERT INTO ciudades(id_ciudad, nombre, id_departamento) values ( 68101,'BOLIVAR',68);
INSERT INTO ciudades(id_ciudad, nombre, id_departamento) values ( 68121,'CABRERA',68);
INSERT INTO ciudades(id_ciudad, nombre, id_departamento) values ( 68132,'CALIFORNIA',68);
INSERT INTO ciudades(id_ciudad, nombre, id_departamento) values ( 68147,'CAPITANEJO',68);
INSERT INTO ciudades(id_ciudad, nombre, id_departamento) values ( 68152,'CARCASI',68);
INSERT INTO ciudades(id_ciudad, nombre, id_departamento) values ( 68160,'CEPITA',68);
INSERT INTO ciudades(id_ciudad, nombre, id_departamento) values ( 68162,'CERRITO',68);
INSERT INTO ciudades(id_ciudad, nombre, id_departamento) values ( 68167,'CHARALA',68);
INSERT INTO ciudades(id_ciudad, nombre, id_departamento) values ( 68169,'CHARTA',68);
INSERT INTO ciudades(id_ciudad, nombre, id_departamento) values ( 68176,'CHIMA',68);
INSERT INTO ciudades(id_ciudad, nombre, id_departamento) values ( 68179,'CHIPATA',68);
INSERT INTO ciudades(id_ciudad, nombre, id_departamento) values ( 68190,'CIMITARRA',68);
INSERT INTO ciudades(id_ciudad, nombre, id_departamento) values ( 68207,'CONCEPCION',68);
INSERT INTO ciudades(id_ciudad, nombre, id_departamento) values ( 68209,'CONFINES',68);
INSERT INTO ciudades(id_ciudad, nombre, id_departamento) values ( 68211,'CONTRATACION',68);
INSERT INTO ciudades(id_ciudad, nombre, id_departamento) values ( 68217,'COROMORO',68);
INSERT INTO ciudades(id_ciudad, nombre, id_departamento) values ( 68229,'CURITI',68);
INSERT INTO ciudades(id_ciudad, nombre, id_departamento) values ( 68235,'EL CARMEN DE CHUCURI',68);
INSERT INTO ciudades(id_ciudad, nombre, id_departamento) values ( 68245,'EL GUACAMAYO',68);
INSERT INTO ciudades(id_ciudad, nombre, id_departamento) values ( 68250,'EL PE?ON',68);
INSERT INTO ciudades(id_ciudad, nombre, id_departamento) values ( 68255,'EL PLAYON',68);
INSERT INTO ciudades(id_ciudad, nombre, id_departamento) values ( 68264,'ENCINO',68);
INSERT INTO ciudades(id_ciudad, nombre, id_departamento) values ( 68266,'ENCISO',68);
INSERT INTO ciudades(id_ciudad, nombre, id_departamento) values ( 68271,'FLORIAN',68);
INSERT INTO ciudades(id_ciudad, nombre, id_departamento) values ( 68276,'FLORIDABLANCA',68);
INSERT INTO ciudades(id_ciudad, nombre, id_departamento) values ( 68296,'GALAN',68);
INSERT INTO ciudades(id_ciudad, nombre, id_departamento) values ( 68298,'GAMBITA',68);
INSERT INTO ciudades(id_ciudad, nombre, id_departamento) values ( 68307,'GIRON',68);
INSERT INTO ciudades(id_ciudad, nombre, id_departamento) values ( 68318,'GUACA',68);
INSERT INTO ciudades(id_ciudad, nombre, id_departamento) values ( 68320,'GUADALUPE',68);
INSERT INTO ciudades(id_ciudad, nombre, id_departamento) values ( 68322,'GUAPOTA',68);
INSERT INTO ciudades(id_ciudad, nombre, id_departamento) values ( 68324,'GUAVATA',68);
INSERT INTO ciudades(id_ciudad, nombre, id_departamento) values ( 68327,'GUEPSA',68);
INSERT INTO ciudades(id_ciudad, nombre, id_departamento) values ( 68344,'HATO',68);
INSERT INTO ciudades(id_ciudad, nombre, id_departamento) values ( 68368,'JESUS MARIA',68);
INSERT INTO ciudades(id_ciudad, nombre, id_departamento) values ( 68370,'JORDAN',68);
INSERT INTO ciudades(id_ciudad, nombre, id_departamento) values ( 68377,'LA BELLEZA',68);
INSERT INTO ciudades(id_ciudad, nombre, id_departamento) values ( 68385,'LANDAZURI',68);
INSERT INTO ciudades(id_ciudad, nombre, id_departamento) values ( 68397,'LA PAZ',68);
INSERT INTO ciudades(id_ciudad, nombre, id_departamento) values ( 68406,'LEBRIJA',68);
INSERT INTO ciudades(id_ciudad, nombre, id_departamento) values ( 68418,'LOS SANTOS',68);
INSERT INTO ciudades(id_ciudad, nombre, id_departamento) values ( 68425,'MARACAVITA',68);
INSERT INTO ciudades(id_ciudad, nombre, id_departamento) values ( 68432,'MALAGA',68);
INSERT INTO ciudades(id_ciudad, nombre, id_departamento) values ( 68444,'MATANZA',68);
INSERT INTO ciudades(id_ciudad, nombre, id_departamento) values ( 68464,'MOGOTES',68);
INSERT INTO ciudades(id_ciudad, nombre, id_departamento) values ( 68468,'MOLAGAVITA',68);
INSERT INTO ciudades(id_ciudad, nombre, id_departamento) values ( 68498,'OCAMONTE',68);
INSERT INTO ciudades(id_ciudad, nombre, id_departamento) values ( 68500,'OIBA',68);
INSERT INTO ciudades(id_ciudad, nombre, id_departamento) values ( 68502,'ONZAGA',68);
INSERT INTO ciudades(id_ciudad, nombre, id_departamento) values ( 68522,'PALMAR',68);
INSERT INTO ciudades(id_ciudad, nombre, id_departamento) values ( 68524,'PALMAS DEL SOCORRO',68);
INSERT INTO ciudades(id_ciudad, nombre, id_departamento) values ( 68533,'PARAMO',68);
INSERT INTO ciudades(id_ciudad, nombre, id_departamento) values ( 68547,'PIEDECUESTA',68);
INSERT INTO ciudades(id_ciudad, nombre, id_departamento) values ( 68549,'PINCHOTE',68);
INSERT INTO ciudades(id_ciudad, nombre, id_departamento) values ( 68572,'PUENTE NACIONAL',68);
INSERT INTO ciudades(id_ciudad, nombre, id_departamento) values ( 68573,'PUERTO PARRA',68);
INSERT INTO ciudades(id_ciudad, nombre, id_departamento) values ( 68575,'PUERTO WILCHES',68);
INSERT INTO ciudades(id_ciudad, nombre, id_departamento) values ( 68615,'RIONEGRO',68);
INSERT INTO ciudades(id_ciudad, nombre, id_departamento) values ( 68655,'SABANA DE TORRES',68);
INSERT INTO ciudades(id_ciudad, nombre, id_departamento) values ( 68669,'SAN ANDRES',68);
INSERT INTO ciudades(id_ciudad, nombre, id_departamento) values ( 68673,'SAN BENITO',68);
INSERT INTO ciudades(id_ciudad, nombre, id_departamento) values ( 68679,'SAN GIL',68);
INSERT INTO ciudades(id_ciudad, nombre, id_departamento) values ( 68682,'SAN JOAQUIN',68);
INSERT INTO ciudades(id_ciudad, nombre, id_departamento) values ( 68684,'SAN JOSE DE MIRANDA',68);
INSERT INTO ciudades(id_ciudad, nombre, id_departamento) values ( 68686,'SAN MIGUEL',68);
INSERT INTO ciudades(id_ciudad, nombre, id_departamento) values ( 68689,'SAN VICENTE DEL CHUCURI',68);
INSERT INTO ciudades(id_ciudad, nombre, id_departamento) values ( 68705,'SANTA BARBARA',68);
INSERT INTO ciudades(id_ciudad, nombre, id_departamento) values ( 68720,'SANTA HELENA DEL OPON',68);
INSERT INTO ciudades(id_ciudad, nombre, id_departamento) values ( 68745,'SIMACOTA',68);
INSERT INTO ciudades(id_ciudad, nombre, id_departamento) values ( 68755,'SOCORRO',68);
INSERT INTO ciudades(id_ciudad, nombre, id_departamento) values ( 68770,'SUAITA',68);
INSERT INTO ciudades(id_ciudad, nombre, id_departamento) values ( 68773,'SUCRE',68);
INSERT INTO ciudades(id_ciudad, nombre, id_departamento) values ( 68780,'SURATA',68);
INSERT INTO ciudades(id_ciudad, nombre, id_departamento) values ( 68820,'TONA',68);
INSERT INTO ciudades(id_ciudad, nombre, id_departamento) values ( 68855,'VALLE DE SAN JOSE',68);
INSERT INTO ciudades(id_ciudad, nombre, id_departamento) values ( 68861,'VELEZ',68);
INSERT INTO ciudades(id_ciudad, nombre, id_departamento) values ( 68867,'VETAS',68);
INSERT INTO ciudades(id_ciudad, nombre, id_departamento) values ( 68872,'VILLANUEVA',68);
INSERT INTO ciudades(id_ciudad, nombre, id_departamento) values ( 68895,'ZAPATOCA',68);
INSERT INTO ciudades(id_ciudad, nombre, id_departamento) values ( 70001,'SINCELEJO',70);
INSERT INTO ciudades(id_ciudad, nombre, id_departamento) values ( 70110,'BUENAVISTA',70);
INSERT INTO ciudades(id_ciudad, nombre, id_departamento) values ( 70124,'CAIMITO',70);
INSERT INTO ciudades(id_ciudad, nombre, id_departamento) values ( 70204,'COLOSO',70);
INSERT INTO ciudades(id_ciudad, nombre, id_departamento) values ( 70215,'COROZAL',70);
INSERT INTO ciudades(id_ciudad, nombre, id_departamento) values ( 70221,'COVEAS (SUCRE)',70);
INSERT INTO ciudades(id_ciudad, nombre, id_departamento) values ( 70230,'CHALAN',70);
INSERT INTO ciudades(id_ciudad, nombre, id_departamento) values ( 70235,'GALERAS',70);
INSERT INTO ciudades(id_ciudad, nombre, id_departamento) values ( 70265,'GUARANDA',70);
INSERT INTO ciudades(id_ciudad, nombre, id_departamento) values ( 70400,'LA UNION',70);
INSERT INTO ciudades(id_ciudad, nombre, id_departamento) values ( 70418,'LOS PALMITOS',70);
INSERT INTO ciudades(id_ciudad, nombre, id_departamento) values ( 70429,'MAJAGUAL',70);
INSERT INTO ciudades(id_ciudad, nombre, id_departamento) values ( 70473,'MORROA',70);
INSERT INTO ciudades(id_ciudad, nombre, id_departamento) values ( 70508,'OVEJAS',70);
INSERT INTO ciudades(id_ciudad, nombre, id_departamento) values ( 70523,'PALMITO',70);
INSERT INTO ciudades(id_ciudad, nombre, id_departamento) values ( 70670,'SAMPUES',70);
INSERT INTO ciudades(id_ciudad, nombre, id_departamento) values ( 70678,'SAN BENITO ABAD',70);
INSERT INTO ciudades(id_ciudad, nombre, id_departamento) values ( 70702,'SAN JUAN DE BETULIA',70);
INSERT INTO ciudades(id_ciudad, nombre, id_departamento) values ( 70708,'SAN MARCOS',70);
INSERT INTO ciudades(id_ciudad, nombre, id_departamento) values ( 70713,'SAN ONOFRE',70);
INSERT INTO ciudades(id_ciudad, nombre, id_departamento) values ( 70717,'SAN PEDRO',70);
INSERT INTO ciudades(id_ciudad, nombre, id_departamento) values ( 70742,'SINCE',70);
INSERT INTO ciudades(id_ciudad, nombre, id_departamento) values ( 70771,'SUCRE',70);
INSERT INTO ciudades(id_ciudad, nombre, id_departamento) values ( 70820,'SANTIAGO DE TOLU',70);
INSERT INTO ciudades(id_ciudad, nombre, id_departamento) values ( 70823,'TOLUVIEJO',70);
INSERT INTO ciudades(id_ciudad, nombre, id_departamento) values ( 73001,'IBAGUE',73);
INSERT INTO ciudades(id_ciudad, nombre, id_departamento) values ( 73024,'ALPUJARRA',73);
INSERT INTO ciudades(id_ciudad, nombre, id_departamento) values ( 73026,'ALVARADO',73);
INSERT INTO ciudades(id_ciudad, nombre, id_departamento) values ( 73030,'AMBALEMA',73);
INSERT INTO ciudades(id_ciudad, nombre, id_departamento) values ( 73043,'ANZOATEGUI',73);
INSERT INTO ciudades(id_ciudad, nombre, id_departamento) values ( 73055,'ARMERO (GUAYABAL)',73);
INSERT INTO ciudades(id_ciudad, nombre, id_departamento) values ( 73067,'ATACO',73);
INSERT INTO ciudades(id_ciudad, nombre, id_departamento) values ( 73124,'CAJAMARCA',73);
INSERT INTO ciudades(id_ciudad, nombre, id_departamento) values ( 73148,'CARMEN DE APICALA',73);
INSERT INTO ciudades(id_ciudad, nombre, id_departamento) values ( 73152,'CASABIANCA',73);
INSERT INTO ciudades(id_ciudad, nombre, id_departamento) values ( 73168,'CHAPARRAL',73);
INSERT INTO ciudades(id_ciudad, nombre, id_departamento) values ( 73200,'COELLO',73);
INSERT INTO ciudades(id_ciudad, nombre, id_departamento) values ( 73217,'COYAIMA',73);
INSERT INTO ciudades(id_ciudad, nombre, id_departamento) values ( 73226,'CUNDAY',73);
INSERT INTO ciudades(id_ciudad, nombre, id_departamento) values ( 73236,'DOLORES',73);
INSERT INTO ciudades(id_ciudad, nombre, id_departamento) values ( 73268,'ESPINAL (CHICORAL) ',73);
INSERT INTO ciudades(id_ciudad, nombre, id_departamento) values ( 73270,'FALAN',73);
INSERT INTO ciudades(id_ciudad, nombre, id_departamento) values ( 73275,'FLANDES',73);
INSERT INTO ciudades(id_ciudad, nombre, id_departamento) values ( 73283,'FRESNO',73);
INSERT INTO ciudades(id_ciudad, nombre, id_departamento) values ( 73319,'GUAMO',73);
INSERT INTO ciudades(id_ciudad, nombre, id_departamento) values ( 73347,'HERVEO',73);
INSERT INTO ciudades(id_ciudad, nombre, id_departamento) values ( 73349,'HONDA',73);
INSERT INTO ciudades(id_ciudad, nombre, id_departamento) values ( 73352,'ICONONZO',73);
INSERT INTO ciudades(id_ciudad, nombre, id_departamento) values ( 73408,'LERIDA',73);
INSERT INTO ciudades(id_ciudad, nombre, id_departamento) values ( 73411,'LIBANO',73);
INSERT INTO ciudades(id_ciudad, nombre, id_departamento) values ( 73443,'MARIQUITA',73);
INSERT INTO ciudades(id_ciudad, nombre, id_departamento) values ( 73449,'MELGAR',73);
INSERT INTO ciudades(id_ciudad, nombre, id_departamento) values ( 73461,'MURILLO',73);
INSERT INTO ciudades(id_ciudad, nombre, id_departamento) values ( 73483,'NATAGAIMA',73);
INSERT INTO ciudades(id_ciudad, nombre, id_departamento) values ( 73504,'ORTEGA',73);
INSERT INTO ciudades(id_ciudad, nombre, id_departamento) values ( 73520,'PALOCABILDO',73);
INSERT INTO ciudades(id_ciudad, nombre, id_departamento) values ( 73547,'PIEDRAS',73);
INSERT INTO ciudades(id_ciudad, nombre, id_departamento) values ( 73555,'PLANADAS',73);
INSERT INTO ciudades(id_ciudad, nombre, id_departamento) values ( 73563,'PRADO',73);
INSERT INTO ciudades(id_ciudad, nombre, id_departamento) values ( 73585,'PURIFICACION',73);
INSERT INTO ciudades(id_ciudad, nombre, id_departamento) values ( 73616,'RIOBLANCO',73);
INSERT INTO ciudades(id_ciudad, nombre, id_departamento) values ( 73622,'RONCESVALLES',73);
INSERT INTO ciudades(id_ciudad, nombre, id_departamento) values ( 73624,'ROVIRA',73);
INSERT INTO ciudades(id_ciudad, nombre, id_departamento) values ( 73671,'SALDAYA',73);
INSERT INTO ciudades(id_ciudad, nombre, id_departamento) values ( 73675,'SAN ANTONIO',73);
INSERT INTO ciudades(id_ciudad, nombre, id_departamento) values ( 73678,'SAN LUIS',73);
INSERT INTO ciudades(id_ciudad, nombre, id_departamento) values ( 73686,'SANTA ISABEL',73);
INSERT INTO ciudades(id_ciudad, nombre, id_departamento) values ( 73770,'SUAREZ',73);
INSERT INTO ciudades(id_ciudad, nombre, id_departamento) values ( 73854,'VALLE DE SAN JUAN',73);
INSERT INTO ciudades(id_ciudad, nombre, id_departamento) values ( 73861,'VENADILLO',73);
INSERT INTO ciudades(id_ciudad, nombre, id_departamento) values ( 73870,'VILLAHERMOSA',73);
INSERT INTO ciudades(id_ciudad, nombre, id_departamento) values ( 73873,'VILLARRICA',73);
INSERT INTO ciudades(id_ciudad, nombre, id_departamento) values ( 76001,'CALI',76);
INSERT INTO ciudades(id_ciudad, nombre, id_departamento) values ( 76020,'ALCALA',76);
INSERT INTO ciudades(id_ciudad, nombre, id_departamento) values ( 76036,'ANDALUCIA',76);
INSERT INTO ciudades(id_ciudad, nombre, id_departamento) values ( 76041,'ANSERMANUEVO',76);
INSERT INTO ciudades(id_ciudad, nombre, id_departamento) values ( 76054,'ARGELIA',76);
INSERT INTO ciudades(id_ciudad, nombre, id_departamento) values ( 76100,'BOLIVAR',76);
INSERT INTO ciudades(id_ciudad, nombre, id_departamento) values ( 76109,'BUENAVENTURA',76);
INSERT INTO ciudades(id_ciudad, nombre, id_departamento) values ( 76111,'GUADALAJARA DE BUGA ',76);
INSERT INTO ciudades(id_ciudad, nombre, id_departamento) values ( 76113,'BUGALAGRANDE',76);
INSERT INTO ciudades(id_ciudad, nombre, id_departamento) values ( 76122,'CAICEDONIA',76);
INSERT INTO ciudades(id_ciudad, nombre, id_departamento) values ( 76126,'CALIMA (EL DARIEN)',76);
INSERT INTO ciudades(id_ciudad, nombre, id_departamento) values ( 76130,'CANDELARIA',76);
INSERT INTO ciudades(id_ciudad, nombre, id_departamento) values ( 76147,'CARTAGO',76);
INSERT INTO ciudades(id_ciudad, nombre, id_departamento) values ( 76233,'DAGUA',76);
INSERT INTO ciudades(id_ciudad, nombre, id_departamento) values ( 76243,'EL AGUILA',76);
INSERT INTO ciudades(id_ciudad, nombre, id_departamento) values ( 76246,'EL CAIRO',76);
INSERT INTO ciudades(id_ciudad, nombre, id_departamento) values ( 76248,'EL CERRITO',76);
INSERT INTO ciudades(id_ciudad, nombre, id_departamento) values ( 76250,'EL DOVIO',76);
INSERT INTO ciudades(id_ciudad, nombre, id_departamento) values ( 76275,'FLORIDA',76);
INSERT INTO ciudades(id_ciudad, nombre, id_departamento) values ( 76306,'GINEBRA',76);
INSERT INTO ciudades(id_ciudad, nombre, id_departamento) values ( 76318,'GUACARI',76);
INSERT INTO ciudades(id_ciudad, nombre, id_departamento) values ( 76364,'JAMUNDI',76);
INSERT INTO ciudades(id_ciudad, nombre, id_departamento) values ( 76377,'LA CUMBRE',76);
INSERT INTO ciudades(id_ciudad, nombre, id_departamento) values ( 76400,'LA UNION',76);
INSERT INTO ciudades(id_ciudad, nombre, id_departamento) values ( 76403,'LA VICTORIA',76);
INSERT INTO ciudades(id_ciudad, nombre, id_departamento) values ( 76497,'OBANDO',76);
INSERT INTO ciudades(id_ciudad, nombre, id_departamento) values ( 76520,'PALMIRA',76);
INSERT INTO ciudades(id_ciudad, nombre, id_departamento) values ( 76563,'PRADERA',76);
INSERT INTO ciudades(id_ciudad, nombre, id_departamento) values ( 76606,'RESTREPO',76);
INSERT INTO ciudades(id_ciudad, nombre, id_departamento) values ( 76616,'RIOFRIO',76);
INSERT INTO ciudades(id_ciudad, nombre, id_departamento) values ( 76622,'ROLDANILLO',76);
INSERT INTO ciudades(id_ciudad, nombre, id_departamento) values ( 76670,'SAN PEDRO',76);
INSERT INTO ciudades(id_ciudad, nombre, id_departamento) values ( 76736,'SEVILLA',76);
INSERT INTO ciudades(id_ciudad, nombre, id_departamento) values ( 76823,'TORO',76);
INSERT INTO ciudades(id_ciudad, nombre, id_departamento) values ( 76828,'TRUJILLO',76);
INSERT INTO ciudades(id_ciudad, nombre, id_departamento) values ( 76834,'TULUA',76);
INSERT INTO ciudades(id_ciudad, nombre, id_departamento) values ( 76845,'ULLOA',76);
INSERT INTO ciudades(id_ciudad, nombre, id_departamento) values ( 76863,'VERSALLES',76);
INSERT INTO ciudades(id_ciudad, nombre, id_departamento) values ( 76869,'VIJES',76);
INSERT INTO ciudades(id_ciudad, nombre, id_departamento) values ( 76890,'YOTOCO',76);
INSERT INTO ciudades(id_ciudad, nombre, id_departamento) values ( 76892,'YUMBO',76);
INSERT INTO ciudades(id_ciudad, nombre, id_departamento) values ( 76895,'ZARZAL',76);
INSERT INTO ciudades(id_ciudad, nombre, id_departamento) values ( 81001,'ARAUCA',81);
INSERT INTO ciudades(id_ciudad, nombre, id_departamento) values ( 81065,'ARAUQUITA',81);
INSERT INTO ciudades(id_ciudad, nombre, id_departamento) values ( 81220,'CRAVO NORTE',81);
INSERT INTO ciudades(id_ciudad, nombre, id_departamento) values ( 81300,'FORTUL',81);
INSERT INTO ciudades(id_ciudad, nombre, id_departamento) values ( 81591,'PUERTO RONDON',81);
INSERT INTO ciudades(id_ciudad, nombre, id_departamento) values ( 81736,'SARAVENA',81);
INSERT INTO ciudades(id_ciudad, nombre, id_departamento) values ( 81794,'TAME',81);
INSERT INTO ciudades(id_ciudad, nombre, id_departamento) values ( 85001,'YOPAL',85);
INSERT INTO ciudades(id_ciudad, nombre, id_departamento) values ( 85010,'AGUAZUL',85);
INSERT INTO ciudades(id_ciudad, nombre, id_departamento) values ( 85015,'CHAMEZA',85);
INSERT INTO ciudades(id_ciudad, nombre, id_departamento) values ( 85125,'HATO COROZAL',85);
INSERT INTO ciudades(id_ciudad, nombre, id_departamento) values ( 85136,'LA SALINA',85);
INSERT INTO ciudades(id_ciudad, nombre, id_departamento) values ( 85139,'MANI',85);
INSERT INTO ciudades(id_ciudad, nombre, id_departamento) values ( 85162,'MONTERREY',85);
INSERT INTO ciudades(id_ciudad, nombre, id_departamento) values ( 85225,'NUNCHIA',85);
INSERT INTO ciudades(id_ciudad, nombre, id_departamento) values ( 85230,'OROCUE',85);
INSERT INTO ciudades(id_ciudad, nombre, id_departamento) values ( 85250,'PAZ DE ARIPORO',85);
INSERT INTO ciudades(id_ciudad, nombre, id_departamento) values ( 85263,'PORE',85);
INSERT INTO ciudades(id_ciudad, nombre, id_departamento) values ( 85279,'RECETOR',85);
INSERT INTO ciudades(id_ciudad, nombre, id_departamento) values ( 85300,'SABANALARGA',85);
INSERT INTO ciudades(id_ciudad, nombre, id_departamento) values ( 85315,'SACAMA',85);
INSERT INTO ciudades(id_ciudad, nombre, id_departamento) values ( 85325,'SAN LUIS DE PALENQUE',85);
INSERT INTO ciudades(id_ciudad, nombre, id_departamento) values ( 85400,'TAMARA',85);
INSERT INTO ciudades(id_ciudad, nombre, id_departamento) values ( 85410,'TAURAMENA',85);
INSERT INTO ciudades(id_ciudad, nombre, id_departamento) values ( 85430,'TRINIDAD',85);
INSERT INTO ciudades(id_ciudad, nombre, id_departamento) values ( 85440,'VILLANUEVA',85);
INSERT INTO ciudades(id_ciudad, nombre, id_departamento) values ( 86001,'MOCOA',86);
INSERT INTO ciudades(id_ciudad, nombre, id_departamento) values ( 86219,'COLON',86);
INSERT INTO ciudades(id_ciudad, nombre, id_departamento) values ( 86320,'ORITO',86);
INSERT INTO ciudades(id_ciudad, nombre, id_departamento) values ( 86568,'PUERTO ASIS',86);
INSERT INTO ciudades(id_ciudad, nombre, id_departamento) values ( 86569,'PUERTO CAICEDO',86);
INSERT INTO ciudades(id_ciudad, nombre, id_departamento) values ( 86571,'PUERTO GUZMAN',86);
INSERT INTO ciudades(id_ciudad, nombre, id_departamento) values ( 86573,'PUERTO LEGUIZAMO',86);
INSERT INTO ciudades(id_ciudad, nombre, id_departamento) values ( 86749,'SIBUNDOY',86);
INSERT INTO ciudades(id_ciudad, nombre, id_departamento) values ( 86755,'SAN FRANCISCO',86);
INSERT INTO ciudades(id_ciudad, nombre, id_departamento) values ( 86757,'SAN MIGUEL (LA DORADA)',86);
INSERT INTO ciudades(id_ciudad, nombre, id_departamento) values ( 86760,'SANTIAGO',86);
INSERT INTO ciudades(id_ciudad, nombre, id_departamento) values ( 86865,'VALLE DEL GUAMUEZ (LA HORMIGA)',86);
INSERT INTO ciudades(id_ciudad, nombre, id_departamento) values ( 86885,'VILLAGARZON',86);
INSERT INTO ciudades(id_ciudad, nombre, id_departamento) values ( 88001,'SAN ANDRES',88);
INSERT INTO ciudades(id_ciudad, nombre, id_departamento) values ( 88564,'PROVIDENCIA Y SANTA CATALINA',88);
INSERT INTO ciudades(id_ciudad, nombre, id_departamento) values ( 91001,'LETICIA',91);
INSERT INTO ciudades(id_ciudad, nombre, id_departamento) values ( 91263,'EL ENCANTO',91);
INSERT INTO ciudades(id_ciudad, nombre, id_departamento) values ( 91405,'LA CHORRERA',91);
INSERT INTO ciudades(id_ciudad, nombre, id_departamento) values ( 91407,'LA PEDRERA',91);
INSERT INTO ciudades(id_ciudad, nombre, id_departamento) values ( 91430,'LA VICTORIA (AMAZONAS)',91);
INSERT INTO ciudades(id_ciudad, nombre, id_departamento) values ( 91460,'MARITI PARANA',91);
INSERT INTO ciudades(id_ciudad, nombre, id_departamento) values ( 91540,'PUERTO NARIYO',91);
INSERT INTO ciudades(id_ciudad, nombre, id_departamento) values ( 91669,'PTO SANTANDER',91);
INSERT INTO ciudades(id_ciudad, nombre, id_departamento) values ( 91798,'TARAPACA',91);
INSERT INTO ciudades(id_ciudad, nombre, id_departamento) values ( 94001,'INIRIDA',94);
INSERT INTO ciudades(id_ciudad, nombre, id_departamento) values ( 94343,'BARRANCO MINA (CD)',94);
INSERT INTO ciudades(id_ciudad, nombre, id_departamento) values ( 94883,'SAN FELIPE (CD)',94);
INSERT INTO ciudades(id_ciudad, nombre, id_departamento) values ( 94884,'PUERTO COLOMBIA (CD)',94);
INSERT INTO ciudades(id_ciudad, nombre, id_departamento) values ( 94885,'LA GUADALUPE (CD)',94);
INSERT INTO ciudades(id_ciudad, nombre, id_departamento) values ( 94886,'CACAHUAL (CD)',94);
INSERT INTO ciudades(id_ciudad, nombre, id_departamento) values ( 94887,'PANA-PANA (CD)',94);
INSERT INTO ciudades(id_ciudad, nombre, id_departamento) values ( 94888,'MORICHAL NUEVO (CD)',94);
INSERT INTO ciudades(id_ciudad, nombre, id_departamento) values ( 95001,'SAN JOSE DEL GUAVIARE',95);
INSERT INTO ciudades(id_ciudad, nombre, id_departamento) values ( 95015,'CALAMAR',95);
INSERT INTO ciudades(id_ciudad, nombre, id_departamento) values ( 95025,'EL RETORNO',95);
INSERT INTO ciudades(id_ciudad, nombre, id_departamento) values ( 95200,'MIRAFLORES',95);
INSERT INTO ciudades(id_ciudad, nombre, id_departamento) values ( 97001,'MITU',97);
INSERT INTO ciudades(id_ciudad, nombre, id_departamento) values ( 97161,'CARURU',97);
INSERT INTO ciudades(id_ciudad, nombre, id_departamento) values ( 97511,'PACOA (CD)',97);
INSERT INTO ciudades(id_ciudad, nombre, id_departamento) values ( 97555,'VILLA FATIMA',97);
INSERT INTO ciudades(id_ciudad, nombre, id_departamento) values ( 97666,'TARAIRA',97);
INSERT INTO ciudades(id_ciudad, nombre, id_departamento) values ( 97777,'PAPUNAUA (CD)',97);
INSERT INTO ciudades(id_ciudad, nombre, id_departamento) values ( 97888,'ACARICUARA',97);
INSERT INTO ciudades(id_ciudad, nombre, id_departamento) values ( 97889,'YAVARATE (CD)',97);
INSERT INTO ciudades(id_ciudad, nombre, id_departamento) values ( 99001,'PUERTO CARRE?O',99);
INSERT INTO ciudades(id_ciudad, nombre, id_departamento) values ( 99524,'LA PRIMAVERA',99);
INSERT INTO ciudades(id_ciudad, nombre, id_departamento) values ( 99572,'SANTA RITA',99);
INSERT INTO ciudades(id_ciudad, nombre, id_departamento) values ( 99624,'SANTA ROSALIA',99);
INSERT INTO ciudades(id_ciudad, nombre, id_departamento) values ( 99760,'SAN JOSE DE OCUNE',99);
INSERT INTO ciudades(id_ciudad, nombre, id_departamento) values ( 99773,'CUMARIBO',99);